person_id,account_name,pass,person_name,dob,gender,address_id,email,phone_number,role
1,ecasacchia0,WRfNkZ,Elene Casacchia,1992-07-09 20:06:37,M,,ecasacchia0@mayoclinic.com,634-222-6628,
2,ahover1,TbSf1n,Abra Hover,1996-07-10 03:13:09,M,,ahover1@nih.gov,750-634-1278,
3,pcarrol2,2kJAaLIcSgkV,Pierce Carrol,1990-02-09 07:21:33,M,,pcarrol2@mysql.com,111-499-1956,
4,pdudson3,Svt7T5K,Peggie Dudson,1996-04-25 20:18:30,M,,pdudson3@hubpages.com,882-605-7372,
5,bsummerton4,2ivoEzA,Bernie Summerton,1981-04-16 11:01:17,M,,bsummerton4@stumbleupon.com,694-331-3773,
6,smanhare5,isOLYSK,Staford Manhare,1968-08-12 22:16:09,M,,smanhare5@creativecommons.org,847-369-3502,
7,rbudding6,KpmR0QY0,Reinhard Budding,1956-08-03 11:49:23,M,,rbudding6@statcounter.com,584-643-9822,
8,dciccone7,VmktmBLP7,Delmar Ciccone,1981-02-09 21:59:50,M,,dciccone7@multiply.com,898-651-1775,
9,merskine8,RAhTfsVBZQr,Maryrose Erskine,1973-05-30 22:07:27,M,,merskine8@google.it,586-512-7999,
10,ecalafato9,cZ4UuOGfW,Enrique Calafato,1986-04-09 00:45:20,M,,ecalafato9@stanford.edu,668-294-8884,
11,bsoppera,2qesfzM,Becka Sopper,1990-07-10 21:59:53,F,,bsoppera@weebly.com,919-543-3815,
12,hbemwellb,p2zPRNWA5Wj7,Hurleigh Bemwell,1976-12-14 16:28:40,F,,hbemwellb@google.com,858-328-7424,
13,lburgoinc,zW4pvx03U,Leontine Burgoin,1957-02-03 21:45:54,F,,lburgoinc@indiegogo.com,444-885-2878,
14,freeveleyd,eqa0jrGBnu2m,Frederich Reeveley,2002-10-11 08:24:20,M,,freeveleyd@multiply.com,413-799-8119,
15,awoolhame,0rohFYfGF4lI,Aggy Woolham,2002-08-29 03:20:51,F,,awoolhame@pen.io,583-697-1146,
16,amatthewsf,Pch8o9b,Ame Matthews,1986-07-29 02:22:38,F,,amatthewsf@ebay.com,438-689-2780,
17,bhanwayg,66HnogQe,Barbey Hanway,1993-03-30 18:12:15,M,,bhanwayg@house.gov,474-518-0699,
18,eguilloth,c12nRzUGl,Eldridge Guillot,1973-01-07 17:26:48,M,,eguilloth@disqus.com,922-781-7381,
19,scattelli,apKMki,Sigismundo Cattell,1999-01-20 15:14:05,F,,scattelli@walmart.com,282-264-3495,
20,ctomadonij,MDkQWYDd,Candida Tomadoni,1999-09-12 17:39:27,F,,ctomadonij@liveinternet.ru,357-796-2841,
21,rok,5GUeS6Oxm,Raye O' Hogan,1982-04-20 02:04:30,F,,rok@ft.com,928-456-0755,
22,ddouchl,JiWdLPJ,Davidde Douch,1985-06-17 14:07:34,M,,ddouchl@vimeo.com,131-160-5623,
23,fhazeltinem,517TXVQKwR8T,Florina Hazeltine,1962-02-11 03:28:15,F,,fhazeltinem@microsoft.com,847-879-8968,
24,nalevequen,zbz7W2UYOq,Ninetta Aleveque,1978-10-03 11:32:39,M,,nalevequen@linkedin.com,821-370-2745,
25,sbrandso,aMaWCEUlPK,Sharla Brands,1984-09-27 17:15:30,M,,sbrandso@webnode.com,377-702-2781,
26,czavatterop,yiR5wQKpu,Cicily Zavattero,1977-01-25 14:04:12,M,,czavatterop@deviantart.com,333-299-0939,
27,ckarusq,QnaDzLAh,Cristin Karus,1968-03-17 03:19:08,M,,ckarusq@hao123.com,367-697-9773,
28,cdaftr,gqSUPWCpYKy4,Chloris Daft,1986-05-15 17:49:14,M,,cdaftr@amazon.co.uk,157-488-6217,
29,cgoldneys,zBnHrUVJ,Cyndie Goldney,1989-12-11 12:47:02,M,,cgoldneys@wisc.edu,196-388-7617,
30,hkeighert,hvZ6wS,Heather Keigher,2000-11-21 06:20:18,F,,hkeighert@zdnet.com,606-569-6941,
31,haleksandrovu,e3RFiN,Helena Aleksandrov,2000-01-09 03:45:44,M,,haleksandrovu@state.tx.us,561-201-7342,
32,gbercherv,NieBn8MS,Guillema Bercher,1951-10-05 20:04:29,F,,gbercherv@google.de,509-948-4589,
33,arolyw,LcI9IwVL,Aile Roly,1981-09-29 22:30:35,F,,arolyw@netvibes.com,984-187-7224,
34,dibesonx,cb55k5,Des Ibeson,1954-09-15 03:58:52,F,,dibesonx@skyrock.com,903-588-2864,
35,etremoulety,z84VsoqIfY5,Emlyn Tremoulet,1975-05-31 18:07:03,F,,etremoulety@devhub.com,260-856-5107,
36,lbeadez,GuzCUR,Luciano Beade,1960-12-23 16:50:09,F,,lbeadez@marriott.com,724-385-2230,
37,dplumb10,UvUMfH,Delbert Plumb,1990-12-28 20:28:01,M,,dplumb10@nba.com,106-493-3856,
38,mscroggie11,MMbvVhBvlQEs,Meyer Scroggie,1976-11-03 19:05:22,M,,mscroggie11@amazon.co.jp,593-971-0736,
39,rilbert12,K4U1WcRxg,Rodger Ilbert,1961-06-15 04:18:24,F,,rilbert12@amazon.de,654-975-9963,
40,lhurle13,0Yuc6Z25,Lannie Hurle,1953-05-25 20:30:37,M,,lhurle13@woothemes.com,321-778-4822,
41,mtreacy14,sGihJ1qvL2W,Morten Treacy,2003-01-28 20:34:49,F,,mtreacy14@latimes.com,242-184-2529,
42,astrangman15,PlRYz2eL,Amy Strangman,1994-06-26 01:49:40,M,,astrangman15@webeden.co.uk,811-817-2366,
43,lpeattie16,ZCb8Gh,Lula Peattie,1989-04-23 23:36:07,F,,lpeattie16@chicagotribune.com,121-480-7557,
44,lhinze17,cbixHlDuv4mu,Letti Hinze,1971-05-23 03:39:34,F,,lhinze17@nymag.com,981-776-0474,
45,wguynemer18,iSdJkfZK,Wylie Guynemer,1973-08-10 03:39:04,M,,wguynemer18@arizona.edu,190-287-5181,
46,wmoulton19,bGU1di,Wainwright Moulton,1998-04-14 22:12:31,M,,wmoulton19@qq.com,903-929-7221,
47,kcupitt1a,fPWNSCmeU,Kyle Cupitt,1951-04-25 04:08:55,F,,kcupitt1a@amazon.de,141-918-2203,
48,mpeattie1b,WlQ449UAos,Moses Peattie,1962-08-22 17:26:13,M,,mpeattie1b@cornell.edu,776-311-5200,
49,cskarin1c,jX3HYR4F,Carlynne Skarin,1965-09-09 05:37:28,F,,cskarin1c@thetimes.co.uk,524-598-1166,
50,rterbeck1d,RunCFY,Rik Terbeck,2001-03-18 01:45:24,F,,rterbeck1d@squidoo.com,104-749-7636,
51,smoulding1e,HeQOCO,Sal Moulding,1980-06-14 17:36:57,M,,smoulding1e@disqus.com,212-970-3096,
52,idoughton1f,8a7U4Kr,Issie Doughton,1973-05-16 19:26:08,M,,idoughton1f@w3.org,687-856-7967,
53,rbreakey1g,vw4Ss5579,Ruthann Breakey,2005-04-07 13:29:44,F,,rbreakey1g@purevolume.com,932-122-1516,
54,vhildrew1h,1Iz8oen5HeB,Valle Hildrew,1958-05-23 19:12:51,F,,vhildrew1h@1und1.de,236-835-3570,
55,hbadsey1i,bWlZm1,Hyacinthe Badsey,1968-05-08 13:17:29,M,,hbadsey1i@sakura.ne.jp,142-987-3487,
56,stulk1j,kKGtZjExsud4,Shaina Tulk,1970-09-18 18:03:06,M,,stulk1j@nba.com,715-692-1879,
57,fhaps1k,djggbrqf,Francisca Haps,1950-06-01 03:50:05,F,,fhaps1k@wordpress.com,480-792-7682,
58,sjacketts1l,WHbFfMXjW0,Shayne Jacketts,2005-01-20 01:31:38,F,,sjacketts1l@myspace.com,489-535-9695,
59,cmchale1m,kp7Ho1Js3YIM,Catlee McHale,1997-01-15 11:12:39,M,,cmchale1m@xinhuanet.com,909-467-5550,
60,slardge1n,3mDaUh,Sandy Lardge,2004-08-11 01:42:54,M,,slardge1n@cisco.com,622-840-9904,
61,flemarie1o,ofQHzwaL06h,Fayth Lemarie,2005-05-30 13:35:30,F,,flemarie1o@ask.com,410-809-6445,
62,lfawdery1p,4pHXolYgOB,Lazar Fawdery,2008-02-17 04:54:30,F,,lfawdery1p@flickr.com,852-591-4336,
63,rtudhope1q,hDdE98,Ruttger Tudhope,1971-03-17 18:57:42,F,,rtudhope1q@china.com.cn,913-167-0661,
64,hpomeroy1r,9cId942,Helga Pomeroy,1968-08-31 04:31:30,F,,hpomeroy1r@plala.or.jp,572-706-9781,
65,cbloore1s,0wuadcWzf8,Cordie Bloore,1978-11-12 15:58:19,M,,cbloore1s@issuu.com,639-539-4064,
66,cpaute1t,XT75pZ,Cassondra Paute,1980-12-16 02:28:50,M,,cpaute1t@prlog.org,732-514-3093,
67,lmusprat1u,IAxkevpI,L;urette Musprat,1965-12-01 01:34:31,M,,lmusprat1u@ftc.gov,705-160-9957,
68,awinfrey1v,lHB9EI,Ardeen Winfrey,1998-06-02 03:05:43,F,,awinfrey1v@sun.com,610-117-9802,
69,knice1w,Kyy7KGBF7,King Nice,1961-02-15 10:28:44,F,,knice1w@topsy.com,904-181-0048,
70,mswayland1x,GhRikrW5f9,Marylinda Swayland,1957-01-23 17:03:53,M,,mswayland1x@cnet.com,731-925-7220,
71,wbibb1y,AV78auZsflo,Wesley Bibb,2009-10-17 09:39:38,M,,wbibb1y@eepurl.com,100-994-3583,
72,elandsborough1z,RYQ68Njc5HN,Eugenie Landsborough,2008-02-24 05:43:04,M,,elandsborough1z@umn.edu,550-993-7438,
73,emaleck20,NMa7bW2,Ewart Maleck,1986-01-04 05:15:24,M,,emaleck20@hostgator.com,425-843-5008,
74,ecostan21,aeCViolhmeHj,Erek Costan,1986-09-09 04:15:59,M,,ecostan21@zdnet.com,302-866-2765,
75,rjude22,iWXGQJt,Rollo Jude,1994-09-14 16:35:58,F,,rjude22@pbs.org,526-353-0535,
76,wbarthelemy23,Bt9EIE8d,Willa Barthelemy,1971-08-24 13:16:04,M,,wbarthelemy23@bbc.co.uk,791-563-5729,
77,gbrouncker24,wpU3KgYd,Glenn Brouncker,2003-09-04 21:15:55,M,,gbrouncker24@census.gov,749-173-9404,
78,nescoffier25,oFbhWlBFeRI,Nerta Escoffier,1981-03-17 16:01:22,F,,nescoffier25@youtu.be,423-819-5039,
79,dhardin26,aGKgD5hZnQN,Danita Hardin,1976-11-22 13:27:45,M,,dhardin26@github.com,675-341-0439,
80,mmccoughan27,Cy0UdGYHR,Modestia McCoughan,1986-05-16 18:59:14,F,,mmccoughan27@sohu.com,776-624-2639,
81,aosipenko28,SRbr7L7d,Alane Osipenko,1992-02-17 13:17:29,M,,aosipenko28@marriott.com,527-754-8733,
82,zscawton29,h9JX6h,Zoe Scawton,1986-06-30 18:36:17,M,,zscawton29@pinterest.com,515-392-4484,
83,mdaulby2a,TVT5VvEfa,Myrta D'Aulby,1979-05-09 15:16:07,M,,mdaulby2a@exblog.jp,534-493-1841,
84,bdyos2b,JkPmttNNpEm,Bertrand Dyos,1964-07-30 02:08:28,M,,bdyos2b@fastcompany.com,324-565-7206,
85,jcollinette2c,LVvWzEbxjX,Joyce Collinette,1977-02-17 19:00:18,F,,jcollinette2c@fastcompany.com,737-181-6072,
86,silieve2d,3xdF42,Shaine Ilieve,1957-03-18 14:45:02,M,,silieve2d@is.gd,141-531-6168,
87,akimm2e,RFBf1lgWc,Amelia Kimm,1998-12-09 10:21:23,M,,akimm2e@nifty.com,246-718-8303,
88,mtubritt2f,ur0EWxshI,Marthe Tubritt,1958-10-11 20:54:53,F,,mtubritt2f@mozilla.org,806-978-5639,
89,dpipe2g,LZhIbbj,Dedra Pipe,1958-07-17 14:16:13,F,,dpipe2g@yandex.ru,520-426-5892,
90,dbauckham2h,BOmrQH,Dottie Bauckham,1960-11-03 01:24:02,F,,dbauckham2h@github.io,360-481-9286,
91,dbiffin2i,6xzjFF7QIsF,Dell Biffin,1982-10-19 22:45:56,F,,dbiffin2i@nationalgeographic.com,967-848-8656,
92,rolesen2j,Bs2E7xoTu0,Raimund Olesen,1976-03-25 20:15:00,F,,rolesen2j@rakuten.co.jp,470-751-0445,
93,edavison2k,2urNHU3GxI,Em Davison,1988-05-30 09:33:53,M,,edavison2k@sciencedirect.com,941-169-9761,
94,oastridge2l,lWTaSEd38D,Osgood Astridge,2005-04-21 16:27:42,F,,oastridge2l@desdev.cn,497-657-3913,
95,rstones2m,aAPNWdEp3f,Ryley Stones,1973-10-13 09:38:57,F,,rstones2m@webnode.com,306-885-4103,
96,zaliberti2n,XvwchxMj6,Zandra Aliberti,2000-11-08 14:20:14,M,,zaliberti2n@java.com,320-985-7668,
97,folufsen2o,l4whe3eKAD,Felipe Olufsen,1958-02-16 04:54:15,F,,folufsen2o@eepurl.com,112-543-1272,
98,mmuspratt2p,RDFOyRUXPA,My Muspratt,1967-04-17 00:22:22,M,,mmuspratt2p@1und1.de,848-358-4341,
99,bfawcett2q,FPzXuRfc,Bryn Fawcett,1969-01-30 13:50:15,M,,bfawcett2q@google.ca,967-779-5283,
100,ocescotti2r,1PmTR0PREGA,Oralee Cescotti,1955-01-24 16:03:16,M,,ocescotti2r@nih.gov,560-821-1751,
101,xcadwaladr2s,h6AFUjw,Xenia Cadwaladr,1960-09-13 14:03:48,F,,xcadwaladr2s@si.edu,744-346-5278,
102,dzappel2t,DBKcmpEyxN,Damiano Zappel,1999-09-28 15:01:45,F,,dzappel2t@lycos.com,675-296-1130,
103,gshedd2u,RypTCoRpb0D,Granger Shedd,1953-12-11 20:50:21,M,,gshedd2u@biglobe.ne.jp,617-393-5404,
104,amarke2v,0EGXIcftjL0,Alfred Marke,1961-01-07 12:08:00,M,,amarke2v@umn.edu,597-139-6077,
105,lnoods2w,tdXyLDa,Leicester Noods,1991-08-13 02:24:23,M,,lnoods2w@prnewswire.com,757-400-4746,
106,rfishwick2x,7NdR4HwWE,Rabi Fishwick,2008-12-24 09:59:33,F,,rfishwick2x@netlog.com,178-681-6636,
107,ltitlow2y,jufq5HIafTQ,Lissy Titlow,2006-08-01 14:13:35,M,,ltitlow2y@si.edu,891-614-3155,
108,spaterson2z,K45L1He,Sarena Paterson,1959-09-05 23:56:58,M,,spaterson2z@cloudflare.com,147-680-4134,
109,kseamons30,vvFyFy17EcS1,Kilian Seamons,2006-03-24 08:28:05,F,,kseamons30@biblegateway.com,869-764-3787,
110,msicely31,6HMVz0H1,Mable Sicely,1962-06-19 06:47:57,M,,msicely31@telegraph.co.uk,103-274-8278,
111,spigeram32,PuL1hn,Sibbie Pigeram,1965-06-09 20:20:59,M,,spigeram32@google.com.au,302-785-2458,
112,jclissell33,eKFmLkMNR,Janet Clissell,1951-06-16 00:16:59,M,,jclissell33@de.vu,403-298-5898,
113,hczadla34,bOqBa7,Herold Czadla,1959-08-16 01:32:33,F,,hczadla34@geocities.com,175-283-6188,
114,gfidelli35,eM1V4SmBUe,Gill Fidelli,2002-04-30 10:19:16,F,,gfidelli35@mlb.com,316-499-6644,
115,kjarville36,kWbZb0L,Karleen Jarville,1970-01-19 12:25:40,F,,kjarville36@dmoz.org,377-737-9656,
116,trenachowski37,J4hIBesd,Terry Renachowski,1969-08-16 06:25:39,M,,trenachowski37@51.la,219-916-3706,
117,etouret38,IxMmr9N4i,Emilee Touret,1951-08-09 01:55:43,F,,etouret38@amazon.com,303-248-9570,
118,mkopke39,E0BidMzPrTe,Malina Kopke,1995-05-16 04:47:56,M,,mkopke39@tuttocitta.it,833-875-9725,
119,kbiaggelli3a,mqomt8shy4I,Kelwin Biaggelli,1959-09-08 12:57:21,M,,kbiaggelli3a@reddit.com,564-903-1582,
120,jhaller3b,c1wL6uhy7,Jerrine Haller,2008-08-11 06:39:01,M,,jhaller3b@cbslocal.com,515-211-3961,
121,tbairnsfather3c,anCWDJ,Tillie Bairnsfather,1974-05-17 05:53:00,M,,tbairnsfather3c@timesonline.co.uk,426-831-6124,
122,sbaudassi3d,zigXWpJxjTyy,Shelba Baudassi,1989-02-25 01:09:06,M,,sbaudassi3d@sina.com.cn,953-256-1717,
123,rthomerson3e,FjPVmZ1yDBFU,Rubina Thomerson,1955-10-08 21:51:41,M,,rthomerson3e@csmonitor.com,254-665-7227,
124,pspyvye3f,ojemGIV,Petronilla Spyvye,1988-08-31 09:22:53,M,,pspyvye3f@narod.ru,528-277-1660,
125,gstryde3g,5kfyiD8TYCpN,Grantley Stryde,1993-03-01 04:40:57,F,,gstryde3g@1688.com,444-620-2476,
126,acropper3h,vc792pWZRk1,Alfie Cropper,2009-03-21 16:11:38,M,,acropper3h@hibu.com,631-933-7376,
127,lrapo3i,YMSfSdxpI3o,Larry Rapo,1955-04-10 14:05:23,F,,lrapo3i@unblog.fr,138-233-3475,
128,dgarstan3j,6DJSJI,Derick Garstan,1998-04-05 12:12:44,M,,dgarstan3j@netscape.com,250-671-2633,
129,aleggan3k,bB5hK9U,Anestassia Leggan,1992-06-27 19:22:18,M,,aleggan3k@51.la,819-547-6827,
130,alednor3l,1UlBMBaSXxR,Alys Lednor,1992-11-21 21:50:00,M,,alednor3l@ebay.co.uk,432-952-4093,
131,htimlin3m,ny50gKMKsJ,Hughie Timlin,1976-12-10 23:56:43,F,,htimlin3m@nyu.edu,483-402-6755,
132,jduce3n,iJ4Znl,Jeff Duce,1950-02-28 04:59:21,M,,jduce3n@globo.com,758-193-1164,
133,pledgerton3o,NriwAu,Paulie Ledgerton,2000-09-06 04:22:18,M,,pledgerton3o@dion.ne.jp,217-512-9193,
134,severingham3p,TLCN0RA,Selig Everingham,1951-05-26 15:19:31,F,,severingham3p@bigcartel.com,728-340-6962,
135,fphilipps3q,0Ax77u,Fleur Philipps,1994-07-19 03:50:53,M,,fphilipps3q@pagesperso-orange.fr,944-272-0861,
136,derley3r,YHlWvwY,Daisy Erley,1990-09-30 21:02:16,F,,derley3r@miitbeian.gov.cn,934-698-4993,
137,cmcbeith3s,QC9Oi2xG,Casi McBeith,1962-01-01 09:17:43,F,,cmcbeith3s@nsw.gov.au,254-174-1475,
138,bfautley3t,tdvhhP,Bearnard Fautley,1974-08-31 18:31:48,F,,bfautley3t@hc360.com,345-891-1700,
139,aramey3u,S9vHcFKgtYAv,Arther Ramey,1971-11-28 08:36:42,M,,aramey3u@g.co,946-855-4803,
140,vhowie3v,ZJpMVNea,Valery Howie,1950-06-18 22:16:34,F,,vhowie3v@stumbleupon.com,242-641-1694,
141,ccheatle3w,4Qzdh04,Clemens Cheatle,1967-08-15 09:16:26,M,,ccheatle3w@ft.com,424-368-6505,
142,cdavidy3x,AMxznOUK,Clarita Davidy,1974-10-24 02:54:29,F,,cdavidy3x@bing.com,559-102-2484,
143,pcopsey3y,cYT0DJ5m,Pepi Copsey,2002-01-17 09:26:39,M,,pcopsey3y@slate.com,416-894-9348,
144,kramshaw3z,Gx2np0,Koral Ramshaw,1965-04-25 16:31:06,M,,kramshaw3z@ezinearticles.com,887-155-9328,
145,slosty40,AiVFUF,Shena Losty,1977-07-13 03:45:29,F,,slosty40@cnbc.com,224-453-1731,
146,clotte41,GEGx3iEFOqY,Coraline Lotte,1978-07-22 01:51:10,M,,clotte41@facebook.com,336-617-4801,
147,wlecky42,bX4Zxi,Wilmer Lecky,1970-04-10 23:24:49,M,,wlecky42@dropbox.com,442-414-5878,
148,lbartolijn43,vsSaNPrx,Laurella Bartolijn,1991-01-28 18:32:58,F,,lbartolijn43@blinklist.com,935-667-3152,
149,mlawerence44,a25kLAbNtt,Mario Lawerence,1987-11-09 00:42:50,M,,mlawerence44@tripod.com,639-501-5692,
150,fdjordjevic45,dodI1f,Fredra Djordjevic,2002-07-20 23:42:01,F,,fdjordjevic45@de.vu,956-896-0668,
151,kcluney46,uU4xnbu,Karoly Cluney,1971-09-22 08:29:50,F,,kcluney46@comcast.net,500-652-2596,
152,sface47,HSdIhG0pnNSm,Silas Face,1990-10-01 03:46:53,F,,sface47@discuz.net,841-439-8984,
153,rsawrey48,BFpOWv6vd,Rowe Sawrey,1958-02-11 10:04:33,F,,rsawrey48@spotify.com,365-522-7272,
154,abehnecke49,IjDEzw1B,Angelo Behnecke,1959-02-25 06:17:52,M,,abehnecke49@blog.com,461-927-8789,
155,kcritch4a,Bt9qUa281FvO,Katrina Critch,1958-09-16 20:21:28,F,,kcritch4a@imdb.com,738-334-1597,
156,kwoodes4b,GQlCmNsPVg07,Kassi Woodes,1956-06-23 05:07:17,M,,kwoodes4b@printfriendly.com,219-275-3280,
157,btabourel4c,gY1caUup,Berte Tabourel,1960-12-24 21:04:33,F,,btabourel4c@bloglovin.com,368-742-5328,
158,kverheijden4d,cl9D3Uc,Kristofor Verheijden,1955-07-22 07:10:48,F,,kverheijden4d@apache.org,379-202-5598,
159,pwilcott4e,RM0LhIDvSHAc,Pebrook Wilcott,1997-10-01 21:09:58,M,,pwilcott4e@cpanel.net,949-289-7232,
160,ktroup4f,YJsqUN,Kaia Troup,1971-03-06 09:04:19,M,,ktroup4f@yale.edu,854-979-4868,
161,fknill4g,rIbuyLSdb1O4,Filip Knill,1977-02-13 04:50:35,F,,fknill4g@squarespace.com,516-507-5316,
162,dfitchett4h,FUEt849c2M,Drugi Fitchett,1983-12-13 11:56:56,F,,dfitchett4h@ox.ac.uk,800-395-8727,
163,rannable4i,DIm1VkliUtVH,Rorie Annable,1982-11-05 23:21:27,F,,rannable4i@buzzfeed.com,493-555-0022,
164,gbonwell4j,LYIvChw4cOP,Giacinta Bonwell,1952-02-08 10:30:58,F,,gbonwell4j@nih.gov,565-439-1190,
165,ceble4k,6neDc0BYQVsR,Claudelle Eble,1981-11-28 09:44:29,M,,ceble4k@goo.ne.jp,383-515-2599,
166,jdashwood4l,du7Aj8G5TpZY,Jackelyn Dashwood,1974-03-12 18:25:19,F,,jdashwood4l@latimes.com,545-852-2939,
167,jferrieri4m,9IEupBAoN5y,Jenni Ferrieri,2000-06-12 19:47:17,F,,jferrieri4m@statcounter.com,650-358-3762,
168,mreeve4n,zYVQvIX8Vt,Malva Reeve,1963-05-14 08:25:20,M,,mreeve4n@youku.com,388-462-3806,
169,dkubera4o,eFhYwR,Dorothee Kubera,1967-06-19 00:21:07,F,,dkubera4o@phoca.cz,638-690-4854,
170,rgatherer4p,KsArme9EN16y,Riley Gatherer,2009-12-05 22:46:55,F,,rgatherer4p@pinterest.com,820-309-6949,
171,ogrenshields4q,Mnfn6xVAh8Pj,Othilie Grenshields,1984-08-02 07:35:47,F,,ogrenshields4q@creativecommons.org,705-208-7316,
172,bjanicki4r,VpqRe68,Blake Janicki,2008-05-03 04:06:41,M,,bjanicki4r@webmd.com,893-335-0328,
173,ndigance4s,AqzUJZ8w2,Nefen Digance,1965-12-03 04:11:46,M,,ndigance4s@bizjournals.com,495-416-0648,
174,nreeves4t,1HzFV2SjSHG,Noelani Reeves,1996-11-22 22:10:20,M,,nreeves4t@nih.gov,570-254-3929,
175,aabramski4u,LtYsy0yKhZ,Alvan Abramski,1978-04-06 23:13:38,F,,aabramski4u@com.com,592-831-8016,
176,adorman4v,jSfwQOk3v55,Antonella Dorman,1960-08-30 21:37:20,M,,adorman4v@washington.edu,332-846-8283,
177,ggravie4w,jAH1Rbc,Gavrielle Gravie,1959-08-23 20:48:22,M,,ggravie4w@flickr.com,535-818-8067,
178,flangshaw4x,4JIg0GWz,Fania Langshaw,1972-11-07 10:14:42,F,,flangshaw4x@theguardian.com,366-211-3206,
179,nlye4y,T6IsLH2Vcrw,Neville Lye,1963-09-20 17:27:14,M,,nlye4y@ask.com,720-982-0071,
180,ablackater4z,CEIoxnsF04eQ,Alis Blackater,1955-07-09 14:06:16,M,,ablackater4z@tinypic.com,464-859-7567,
181,jdwire50,SwvGabz,Jakie Dwire,2006-06-29 01:16:08,M,,jdwire50@phpbb.com,397-528-7430,
182,scowland51,x8p4dhe1Tb54,Sidnee Cowland,1993-09-20 09:51:06,F,,scowland51@redcross.org,276-434-1791,
183,vcarrivick52,LA8IqGmfP,Valma Carrivick,1988-10-30 02:09:39,M,,vcarrivick52@networksolutions.com,167-102-8966,
184,qroja53,lEKC3zfbN,Quintus Roja,1960-12-26 02:08:24,F,,qroja53@ocn.ne.jp,783-778-9577,
185,rlogue54,Ep9th8b6RQYm,Rafaellle Logue,1987-12-06 14:23:23,M,,rlogue54@wunderground.com,908-424-8414,
186,lfomichyov55,M5RIXf,Lorrin Fomichyov,1951-01-16 20:00:02,F,,lfomichyov55@npr.org,593-433-1747,
187,rstrank56,ww0mP91E,Rand Strank,1980-06-06 13:47:57,M,,rstrank56@netscape.com,345-589-3439,
188,jglauber57,DRk74hl1TcpL,Jo-anne Glauber,1978-08-04 01:39:36,M,,jglauber57@cbslocal.com,269-314-1347,
189,ahassur58,eAOt2nBFHyC,Abbot Hassur,1983-01-07 06:39:04,F,,ahassur58@scribd.com,991-304-8460,
190,bspeer59,KHMiWwtjP,Bianca Speer,1975-09-13 13:08:11,M,,bspeer59@latimes.com,565-678-6541,
191,sgeddis5a,eiWD7V,Sibyl Geddis,1999-03-26 08:53:41,F,,sgeddis5a@last.fm,281-138-8750,
192,hbain5b,eSurYLvrv,Hermann Bain,2002-11-26 05:41:47,M,,hbain5b@utexas.edu,112-108-1130,
193,sogle5c,hxcdQeY9Z8,Serge Ogle,1966-06-15 18:32:17,M,,sogle5c@mapquest.com,861-740-6453,
194,cwindeatt5d,2AI0YW3T6G1,Carrissa Windeatt,1973-11-27 00:03:17,F,,cwindeatt5d@springer.com,645-223-1060,
195,sbovingdon5e,Hc0lqjN4s,Shaina Bovingdon,2008-11-13 10:22:49,M,,sbovingdon5e@vimeo.com,561-687-0387,
196,bdodle5f,PHP1FVW,Bidget Dodle,1971-12-22 12:04:46,F,,bdodle5f@hc360.com,504-154-7714,
197,gmcaree5g,OPjMJuN,Gabriele McAree,1966-10-15 18:33:20,F,,gmcaree5g@omniture.com,928-383-7091,
198,cdewer5h,k5NXWFusb,Celle Dewer,1982-01-01 12:49:58,F,,cdewer5h@addtoany.com,659-956-0771,
199,cbagley5i,R1UOhS8H,Clara Bagley,2003-02-04 14:47:17,M,,cbagley5i@alibaba.com,404-740-5854,
200,dbusby5j,bKne0JV,Dorthy Busby,1953-02-09 22:36:34,F,,dbusby5j@seattletimes.com,492-552-6052,
201,kduffan5k,apdwqDsEaZ,Kain Duffan,1999-09-22 10:46:01,M,,kduffan5k@is.gd,383-182-8819,
202,divanishev5l,C3S9ylYOMPwp,Doll Ivanishev,1956-11-17 00:18:00,M,,divanishev5l@noaa.gov,146-620-2978,
203,pgooms5m,2T108Bs6s,Prudy Gooms,1990-02-24 02:15:22,M,,pgooms5m@globo.com,920-326-2864,
204,mfox5n,WsdaZ4Tsdr,Merrile Fox,1984-02-25 05:15:13,M,,mfox5n@tinyurl.com,212-692-9260,
205,spaullin5o,Bh6n00gcX7,Sacha Paullin,1968-11-22 11:41:59,F,,spaullin5o@springer.com,377-832-7698,
206,jharnell5p,td2OakRO,Jeffy Harnell,1971-03-23 16:52:04,M,,jharnell5p@admin.ch,839-977-3201,
207,fkalker5q,fArqBEP0C,Fae Kalker,1966-04-11 14:41:27,M,,fkalker5q@cbslocal.com,993-706-2562,
208,sweems5r,mYvlc5,Salmon Weems,1958-12-30 10:29:03,M,,sweems5r@simplemachines.org,225-127-5430,
209,sastle5s,Kqahe3E3xLBZ,Siffre Astle,2005-02-11 12:10:27,M,,sastle5s@tinyurl.com,811-119-0676,
210,apomery5t,92tFPOu,Anastasie Pomery,1956-10-27 05:32:28,M,,apomery5t@bravesites.com,726-874-0245,
211,nfildes5u,vtS7Ia,Nester Fildes,1999-05-12 10:06:56,M,,nfildes5u@boston.com,130-330-5372,
212,mharriss5v,UuzXk1,Marlo Harriss,2005-11-13 11:45:21,M,,mharriss5v@edublogs.org,384-968-4402,
213,qdellow5w,jYgrdpebnDR,Quincey Dellow,1960-04-22 18:57:51,M,,qdellow5w@google.co.jp,938-345-6007,
214,agallop5x,rH7lZTL2,Aloysius Gallop,2005-07-11 12:06:02,F,,agallop5x@constantcontact.com,705-258-8315,
215,mvaudrey5y,6IpiHcCf7,Malvina Vaudrey,2006-07-26 18:02:06,M,,mvaudrey5y@google.de,146-665-4979,
216,asidwick5z,34JtmbO,Allyce Sidwick,1997-04-04 06:31:35,M,,asidwick5z@tripadvisor.com,826-292-1271,
217,jtiernan60,KPwfzKuM5,Jobyna Tiernan,1971-07-08 23:23:59,F,,jtiernan60@telegraph.co.uk,432-407-5421,
218,kgrim61,5u9C0gMlGQX,Kurtis Grim,1998-04-10 04:30:35,M,,kgrim61@nydailynews.com,745-532-0502,
219,adearan62,EVhNrDi,Arri Dearan,2002-12-31 10:56:01,F,,adearan62@w3.org,482-108-0272,
220,dspirritt63,IiIDNuaSQmh,Dedra Spirritt,1953-03-18 22:28:54,F,,dspirritt63@nps.gov,335-503-2252,
221,cboow64,RfSae5MVS0gl,Crin Boow,1953-06-22 14:35:57,M,,cboow64@sfgate.com,305-562-8728,
222,nnewling65,BuqNZsN3F,Nat Newling,1959-02-07 14:20:35,M,,nnewling65@delicious.com,631-360-1054,
223,wlandor66,Hi66DOatrjHp,Wilfrid Landor,1992-05-14 12:13:44,F,,wlandor66@engadget.com,632-827-2807,
224,rsandy67,kFgM8Yd,Richart Sandy,1993-11-22 16:27:01,M,,rsandy67@epa.gov,360-983-1232,
225,lmault68,HWQwvdcotf,Lidia Mault,1984-11-11 18:25:49,M,,lmault68@wordpress.org,444-494-1749,
226,kverlinden69,7f0q6FQ,Kristel Verlinden,1959-12-16 23:32:51,F,,kverlinden69@thetimes.co.uk,305-180-0175,
227,sduffil6a,zO8XmJHGOO2D,Salome Duffil,1995-01-17 11:25:56,M,,sduffil6a@wsj.com,511-770-6083,
228,aklimko6b,HEC6sp7lZ8O,Ann Klimko,1968-01-24 04:19:13,M,,aklimko6b@shareasale.com,401-303-6850,
229,slally6c,Xh4uDy,Sloane Lally,1988-08-19 08:09:39,M,,slally6c@usgs.gov,111-246-0944,
230,rchattock6d,jpVEzOSnPS,Rianon Chattock,2004-11-03 22:22:28,M,,rchattock6d@netvibes.com,742-612-4380,
231,rmulhill6e,yaUb9OLrgC,Rusty Mulhill,2002-04-05 20:13:09,F,,rmulhill6e@state.gov,520-189-5417,
232,cdavis6f,ffCfLyBIX5j,Cristionna Davis,1953-01-28 02:33:02,F,,cdavis6f@1688.com,326-624-9081,
233,kperrinchief6g,IR5Mpw,Kareem Perrinchief,1950-11-22 06:30:13,F,,kperrinchief6g@homestead.com,930-310-4996,
234,arayhill6h,rzBVri1Bd,Andria Rayhill,1959-04-08 23:45:39,F,,arayhill6h@alibaba.com,825-206-1660,
235,jdavidwitz6i,C39zoGO,Jacklin Davidwitz,1976-08-05 05:51:31,M,,jdavidwitz6i@google.com.hk,220-301-3679,
236,dfalks6j,AJdFyWeig,Dani Falks,1991-12-18 11:20:48,F,,dfalks6j@bbb.org,916-461-8541,
237,mjolly6k,jItive8,Madlin Jolly,1977-05-28 15:17:55,M,,mjolly6k@goodreads.com,385-300-4906,
238,dfilintsev6l,EFch6Bk0H,Darb Filintsev,1992-07-15 18:46:29,F,,dfilintsev6l@dell.com,133-377-4344,
239,jrickarsey6m,oUlC95asXjEV,Jo Rickarsey,1951-08-30 11:39:18,M,,jrickarsey6m@huffingtonpost.com,920-485-9790,
240,dabbs6n,ZtYBQ6yr49aC,Druci Abbs,1975-07-01 00:06:00,F,,dabbs6n@alibaba.com,323-467-2144,
241,gattrey6o,9cacPA3zlC1R,Gwenny Attrey,2004-12-30 01:24:56,F,,gattrey6o@house.gov,126-654-4784,
242,pevangelinos6p,IlVPAzDx,Philbert Evangelinos,1975-08-23 15:50:11,F,,pevangelinos6p@engadget.com,978-927-8333,
243,jhastilow6q,bLZ4qA6WPlV,Joelynn Hastilow,1986-08-12 23:02:15,M,,jhastilow6q@pen.io,283-274-5548,
244,joverpool6r,ILCKVSZM,Joete Overpool,1976-08-04 15:46:25,F,,joverpool6r@slashdot.org,195-163-9050,
245,imckinie6s,xA23mIX,Isacco McKinie,1971-11-27 20:36:29,F,,imckinie6s@xinhuanet.com,322-654-5826,
246,bmarland6t,JGjIXL,Berny Marland,1992-05-26 03:12:06,M,,bmarland6t@1688.com,702-570-6781,
247,cshipperbottom6u,gf8Hf1C9SF5,Cassie Shipperbottom,1977-01-09 14:54:23,M,,cshipperbottom6u@acquirethisname.com,736-277-5022,
248,sgittings6v,FxyDfS9o,Samson Gittings,1991-10-26 21:28:43,F,,sgittings6v@sphinn.com,137-573-0514,
249,phorlock6w,jGqhpbO,Peyton Horlock,2009-05-20 17:15:07,F,,phorlock6w@hatena.ne.jp,733-932-0317,
250,hbargh6x,hpdFE1gDni,Hirsch Bargh,1972-12-18 07:23:20,M,,hbargh6x@usatoday.com,710-741-9168,
251,nspridgen6y,DlBY2KHcf3V,Nertie Spridgen,1982-03-06 16:52:28,F,,nspridgen6y@ibm.com,289-384-9040,
252,cplumbridge6z,s75OBAO7fz,Celene Plumbridge,1951-03-25 21:14:46,F,,cplumbridge6z@opensource.org,251-458-3983,
253,vasher70,VcHJ7nYQDA,Violet Asher,1978-10-13 14:34:58,M,,vasher70@earthlink.net,826-997-6147,
254,gtootell71,Otmq4ZSJIJ,Gilligan Tootell,1960-08-21 12:53:36,M,,gtootell71@barnesandnoble.com,928-244-3813,
255,jluchelli72,L3c9SH,Janeczka Luchelli,1962-01-30 10:00:21,F,,jluchelli72@pcworld.com,260-106-4652,
256,sloker73,uxfMZose39D,Sella Loker,1995-01-29 02:46:45,M,,sloker73@theglobeandmail.com,755-943-5550,
257,lbartaloni74,hdYFRa7hvIaN,Leontyne Bartaloni,1994-10-02 02:01:01,M,,lbartaloni74@blogger.com,145-728-4302,
258,nheyworth75,MfCdelABL,Nerissa Heyworth,2007-12-16 06:32:40,F,,nheyworth75@slideshare.net,510-562-6323,
259,bantonutti76,4g9Pnw1Da9n,Berti Antonutti,1952-10-31 05:47:12,M,,bantonutti76@cloudflare.com,745-244-0629,
260,kmitrikhin77,HW3l2aZU,Killy Mitrikhin,1965-01-22 18:12:31,M,,kmitrikhin77@amazonaws.com,671-906-5618,
261,rjest78,G1nzedH4a,Rhona Jest,1975-12-17 00:02:14,F,,rjest78@clickbank.net,288-251-9630,
262,gtolcher79,m0X6H6cE,Genovera Tolcher,2008-04-04 19:27:36,M,,gtolcher79@artisteer.com,163-339-8072,
263,cweekland7a,FLyZGv,Celene Weekland,1951-06-02 12:49:49,M,,cweekland7a@nba.com,653-737-1729,
264,wcuttle7b,DQjbnYTFB,Wyatan Cuttle,1963-04-26 09:20:57,M,,wcuttle7b@ning.com,962-140-7161,
265,bcasse7c,PcS9EvjR3X,Brett Casse,1995-03-31 22:49:15,F,,bcasse7c@lycos.com,679-993-6267,
266,omalicki7d,GxPa9VBm,Olenolin Malicki,1952-10-31 23:42:40,F,,omalicki7d@psu.edu,554-101-4876,
267,zzoane7e,DXC2jb4,Zita Zoane,1960-09-26 17:36:24,F,,zzoane7e@engadget.com,661-211-1212,
268,fodoran7f,Sgor7ul4qIa,Ferdinande O'Doran,1979-12-15 11:01:41,M,,fodoran7f@ebay.com,885-679-0960,
269,ecasino7g,SyXqEla1T,Edee Casino,1970-03-07 09:13:25,F,,ecasino7g@mlb.com,231-358-4119,
270,ehuddles7h,vJdczqy5sq2a,Ellynn Huddles,2001-06-30 14:09:09,M,,ehuddles7h@angelfire.com,360-330-3991,
271,wrandales7i,3maXz356q8WV,Wilhelmina Randales,1975-08-01 14:05:42,F,,wrandales7i@cargocollective.com,109-247-8487,
272,cmagenny7j,R0F1KrO2K4Vz,Cathrin Magenny,1971-10-24 20:00:27,F,,cmagenny7j@bbc.co.uk,145-692-7142,
273,cchasmoor7k,AU6tsG9WBK,Christie Chasmoor,1957-06-20 19:51:27,M,,cchasmoor7k@marketwatch.com,259-567-5686,
274,gponceford7l,UQsTv1U,Gery Ponceford,1977-07-23 00:07:21,M,,gponceford7l@dedecms.com,312-383-6108,
275,nmatcham7m,mCNXHibH3e,Nita Matcham,1986-11-06 16:48:03,M,,nmatcham7m@topsy.com,271-863-2144,
276,mvallance7n,2bhRF6,Misha Vallance,1951-01-16 07:49:00,M,,mvallance7n@redcross.org,928-630-0010,
277,ssimmen7o,tavOr8oUc,Stanleigh Simmen,2005-07-15 05:51:01,F,,ssimmen7o@ezinearticles.com,623-187-8048,
278,nweatherby7p,iiBRizX,Nico Weatherby,2002-04-27 08:18:53,M,,nweatherby7p@skype.com,910-673-2627,
279,wpriver7q,XBzOthNAXNo5,Westleigh Priver,1976-03-29 05:54:14,F,,wpriver7q@fastcompany.com,292-977-4467,
280,abaignard7r,cI875QQ,Anjela Baignard,1971-09-01 18:17:54,F,,abaignard7r@joomla.org,295-579-9620,
281,mclemson7s,f0WBvwyFxi,Magdalen Clemson,1964-11-06 10:38:34,F,,mclemson7s@drupal.org,992-436-4226,
282,srowden7t,A5QvNg,Selene Rowden,1978-05-10 05:06:13,M,,srowden7t@senate.gov,767-897-8803,
283,estukings7u,aDRrSc7,Elissa Stukings,1976-01-30 22:28:44,M,,estukings7u@weather.com,384-787-9221,
284,glanfranchi7v,g6eDXSay,Gayle Lanfranchi,1989-12-04 18:12:00,M,,glanfranchi7v@comsenz.com,907-649-5770,
285,floren7w,ndwlg9rgdO,Franny Loren,1962-01-19 09:37:06,M,,floren7w@auda.org.au,569-593-0304,
286,cbarnsdall7x,nJpaMRR0N,Carlynn Barnsdall,1956-01-08 19:48:55,F,,cbarnsdall7x@hibu.com,783-733-0951,
287,ajoyes7y,uBAFMuNsHN,Alena Joyes,1987-07-27 19:05:54,M,,ajoyes7y@wikispaces.com,443-383-4893,
288,wmulford7z,nMfEgJuhWrha,Waverly Mulford,1955-05-04 14:54:00,F,,wmulford7z@amazon.com,675-887-0799,
289,bpauncefort80,YBmfJZ,Bealle Pauncefort,2004-11-17 18:13:33,F,,bpauncefort80@soup.io,935-943-2814,
290,mrockwell81,YiKInjqV,Marcia Rockwell,1964-11-23 00:09:41,M,,mrockwell81@wikia.com,706-721-7255,
291,lpointer82,yJfJ1mdSP,Lacey Pointer,1952-11-08 13:41:24,F,,lpointer82@lulu.com,325-783-3324,
292,sghidotti83,Sz6C7fm6dP,Sutherland Ghidotti,1976-10-09 10:15:57,M,,sghidotti83@admin.ch,660-913-5834,
293,mlayhe84,srUnhOc,Melanie Layhe,1989-11-23 12:09:01,F,,mlayhe84@npr.org,161-505-5829,
294,sdraper85,RgrUlwDUfMU7,Suzanna Draper,1961-02-10 00:14:21,F,,sdraper85@stumbleupon.com,279-208-3708,
295,fbastian86,OwQj7ajiPMsp,Frederic Bastian,1961-06-23 11:38:39,F,,fbastian86@altervista.org,145-591-3142,
296,dpavel87,kVKlQzIJ5,Dario Pavel,2000-01-12 15:56:07,F,,dpavel87@youtube.com,563-987-3043,
297,kbalhatchet88,wyLpnmO46,Kristel Balhatchet,2001-11-02 14:17:01,M,,kbalhatchet88@harvard.edu,460-970-4842,
298,ybrasseur89,Ld8Yye,Yul Brasseur,2007-05-01 19:51:09,M,,ybrasseur89@hp.com,446-273-8663,
299,emcfadzean8a,DD3n5YuYEU,Ewell McFadzean,2006-01-19 23:14:44,M,,emcfadzean8a@hexun.com,766-125-0214,
300,krose8b,paddA4xUGVTr,Koren Rose,1959-01-27 03:54:00,M,,krose8b@time.com,704-450-6773,
301,kseaman8c,5bAlnzQngn,Kimball Seaman,1964-04-19 16:03:24,M,,kseaman8c@earthlink.net,150-744-9183,
302,glangthorne8d,86q1nF4,Gay Langthorne,1969-12-12 23:38:32,F,,glangthorne8d@example.com,505-422-1057,
303,bburney8e,PRlW9WvtrVFJ,Bonni Burney,2009-05-14 11:11:17,F,,bburney8e@nydailynews.com,360-436-3636,
304,tabramof8f,O0nZLQXZFC9,Tanhya Abramof,1962-05-27 04:27:06,M,,tabramof8f@posterous.com,694-614-4865,
305,ppadson8g,hl1yiUKKV,Paula Padson,1958-05-02 03:10:21,M,,ppadson8g@parallels.com,227-603-2332,
306,cnewbatt8h,u0L8j3i,Chelsea Newbatt,1993-10-18 03:00:57,M,,cnewbatt8h@tripod.com,946-312-2489,
307,fdoman8i,3fUewxm,Filmore Doman,2004-06-24 23:10:18,M,,fdoman8i@discovery.com,585-166-5664,
308,ycops8j,xxWCEAAZQqG,Yolande Cops,1953-08-07 11:49:13,F,,ycops8j@networksolutions.com,156-971-7832,
309,pmustin8k,K70VQ6C,Philbert Mustin,1995-08-25 08:34:14,M,,pmustin8k@e-recht24.de,334-135-6768,
310,sdallin8l,eFJhsA,Schuyler Dallin,1969-09-29 06:51:24,F,,sdallin8l@disqus.com,771-789-3778,
311,rjoinsey8m,w3ikYKDtJj,Riki Joinsey,1966-12-31 09:04:21,F,,rjoinsey8m@cnet.com,918-559-6920,
312,cbuckland8n,FUwP6jVOcBK4,Carlie Buckland,1966-04-15 23:20:33,F,,cbuckland8n@tinyurl.com,980-211-7637,
313,cgrzelczak8o,QXMYWAkr7,Carina Grzelczak,1996-09-14 21:55:51,M,,cgrzelczak8o@51.la,988-187-8377,
314,ccoope8p,duKXo4RIxhz,Clare Coope,1962-09-19 13:46:04,F,,ccoope8p@google.es,380-444-9843,
315,fbaser8q,BKLrl1Ttbe,Frederigo Baser,1997-12-20 04:59:35,M,,fbaser8q@ezinearticles.com,710-745-0512,
316,kvan8r,qisger,Kennedy Van Arsdale,2009-08-01 03:33:13,F,,kvan8r@marketwatch.com,243-882-6386,
317,sseeman8s,lSF0KYZD,Sayre Seeman,1966-01-30 11:43:41,M,,sseeman8s@theglobeandmail.com,274-542-7201,
318,fpayle8t,soUP4v8,Fidel Payle,1965-06-30 10:15:05,F,,fpayle8t@youku.com,116-221-4651,
319,cwrotchford8u,mtXFzTy,Carl Wrotchford,1957-02-20 08:57:00,F,,cwrotchford8u@whitehouse.gov,760-645-8327,
320,ohamlet8v,5KZLjvry5E,Odelinda Hamlet,1961-09-26 01:56:26,M,,ohamlet8v@telegraph.co.uk,598-755-2346,
321,jolman8w,maZm1y17WQP,Jakie Olman,1977-04-27 17:43:32,F,,jolman8w@sfgate.com,679-846-3696,
322,lirnis8x,Hx49gsl5,Lane Irnis,1978-09-11 15:33:49,F,,lirnis8x@ehow.com,124-374-3064,
323,abriand8y,58idOyPsq,Abran Briand,1970-11-02 05:25:02,M,,abriand8y@google.it,602-450-2728,
324,dclohissy8z,4Ww1d3,Desmond Clohissy,2004-02-29 10:24:47,M,,dclohissy8z@github.io,150-902-5149,
325,slowers90,zj40lzT1,Shoshanna Lowers,1993-09-08 19:36:37,F,,slowers90@skyrock.com,788-552-0655,
326,malfonzo91,n3aPEpBh,Merilyn Alfonzo,1967-03-13 14:21:55,F,,malfonzo91@nifty.com,995-185-7564,
327,jcaughte92,PCuZKMyLoa,Jaynell Caughte,1955-05-23 07:23:13,F,,jcaughte92@blog.com,179-914-3670,
328,dwield93,5bcAM0,Diannne Wield,2002-07-19 07:23:09,F,,dwield93@plala.or.jp,586-587-2629,
329,azukierman94,5D914N9BSeQ,Alvina Zukierman,1955-06-26 01:26:35,F,,azukierman94@4shared.com,819-724-9049,
330,tcarnock95,eSf3Nyzb2zIG,Trista Carnock,1997-03-02 04:14:28,F,,tcarnock95@hao123.com,534-831-2504,
331,khourihan96,Dw7b7f1kmJ9,Kenn Hourihan,1997-10-18 00:27:04,M,,khourihan96@histats.com,560-860-0135,
332,alangelay97,u1n8heuTqSW,Alley Langelay,1970-08-05 20:22:51,M,,alangelay97@europa.eu,489-535-7266,
333,gpoles98,oSXqtroEHeil,Gerardo Poles,1982-07-30 03:06:48,F,,gpoles98@ca.gov,639-810-7990,
334,zwoodburn99,35YF5y9MUpgL,Zoe Woodburn,1954-06-28 22:53:18,M,,zwoodburn99@oaic.gov.au,934-295-8323,
335,mlarrington9a,jEdnAWM,Morissa Larrington,2000-07-23 04:25:38,M,,mlarrington9a@geocities.jp,780-688-5456,
336,fmayow9b,WP3ZLwJzg,Faina Mayow,1970-07-04 15:12:58,M,,fmayow9b@yelp.com,201-473-6553,
337,jmitton9c,Ky0hy7X,Jerrome Mitton,1975-12-12 14:59:16,M,,jmitton9c@va.gov,558-726-5955,
338,pbirley9d,ApYPJ7519p,Pearle Birley,1958-07-30 07:25:20,F,,pbirley9d@pcworld.com,684-298-4915,
339,gquincey9e,4SxcLlErJ4,Giselbert Quincey,1961-01-05 22:46:19,F,,gquincey9e@lulu.com,279-391-2887,
340,grivaland9f,KaO6zki,Giordano Rivaland,1990-01-10 17:27:03,M,,grivaland9f@ustream.tv,212-748-8916,
341,mdallon9g,PofiWg,Marci Dallon,1954-09-29 09:33:53,F,,mdallon9g@opera.com,673-203-9566,
342,tcornelisse9h,NdUU5FsX,Tasha Cornelisse,2006-04-27 12:01:50,F,,tcornelisse9h@mit.edu,606-362-0241,
343,cglass9i,mg4jXsQTVOV,Care Glass,1966-07-13 06:58:45,F,,cglass9i@webnode.com,288-232-5093,
344,ncherry9j,vfBwPpel9w,Noam Cherry Holme,1958-05-27 23:03:04,F,,ncherry9j@omniture.com,107-983-1669,
345,cdeehan9k,H8AAqJrTlzw8,Carin Deehan,1971-12-14 19:05:29,M,,cdeehan9k@51.la,412-691-1916,
346,rbartolomeotti9l,MJkwoFFgmL,Robby Bartolomeotti,1988-07-06 14:18:57,M,,rbartolomeotti9l@yolasite.com,227-745-1706,
347,ghunton9m,Z58X4nK,Glennis Hunton,2001-07-30 23:57:30,F,,ghunton9m@biglobe.ne.jp,769-744-1054,
348,smarkey9n,PFb7eJWLJ,Sinclair Markey,1958-10-02 02:27:08,M,,smarkey9n@ask.com,268-666-5764,
349,bbartholomaus9o,rL9zc6Izv6PT,Bevin Bartholomaus,1986-05-16 05:17:05,M,,bbartholomaus9o@yellowpages.com,927-892-2564,
350,htoyer9p,OP0OyUavub1p,Hesther Toyer,1992-09-10 09:02:07,M,,htoyer9p@gov.uk,148-570-6975,
351,sdollard9q,2nIu7uP2GRe,Starr Dollard,1962-04-15 20:11:47,F,,sdollard9q@japanpost.jp,263-683-3838,
352,bgosnell9r,pc4mbNr,Becka Gosnell,1971-04-23 21:00:01,F,,bgosnell9r@fastcompany.com,230-218-3904,
353,vcrookshank9s,f7HWnDlL,Vidovic Crookshank,1972-10-19 00:24:00,M,,vcrookshank9s@mail.ru,425-888-7539,
354,cexell9t,vHONgXHVZ,Caritta Exell,1995-01-02 13:57:15,M,,cexell9t@theglobeandmail.com,781-281-9024,
355,lsoeiro9u,n44fifLAUs,Lem Soeiro,1991-10-31 03:55:45,F,,lsoeiro9u@behance.net,419-128-2833,
356,brayman9v,AJ2t3r4,Bengt Rayman,1983-09-09 01:32:51,M,,brayman9v@surveymonkey.com,386-452-2861,
357,fdonnersberg9w,QA3SIrNAp,Felike Donnersberg,1955-07-11 19:23:38,F,,fdonnersberg9w@fema.gov,616-952-9134,
358,kaksell9x,4VVO59,Kaela Aksell,1993-01-15 12:15:05,F,,kaksell9x@netscape.com,373-955-6437,
359,amarsham9y,JiA1Tc2W9za,Abigale Marsham,2001-04-08 06:37:38,F,,amarsham9y@sfgate.com,632-924-0570,
360,coconnel9z,oxOdgTuH,Courtnay O'Connel,2004-09-12 01:58:14,M,,coconnel9z@zimbio.com,911-180-7313,
361,dmelledya0,BPg43lbL,Damien Melledy,1954-06-23 23:42:46,F,,dmelledya0@gmpg.org,807-863-3209,
362,rskuddera1,KpIeoOhyR,Reinaldos Skudder,2008-10-11 11:13:37,M,,rskuddera1@people.com.cn,462-219-6337,
363,sprobetsa2,W8foVRjAv,Sara Probets,1973-09-20 12:47:59,M,,sprobetsa2@tuttocitta.it,794-916-4260,
364,kpayea3,O8JbFh1Cv3la,Kerianne Paye,1959-04-21 21:14:13,F,,kpayea3@mashable.com,778-775-8696,
365,abradnuma4,BymIeTZ2,Anderson Bradnum,1991-07-24 00:04:10,M,,abradnuma4@freewebs.com,949-966-4366,
366,bmountstephena5,QT8pB4eU,Bronnie Mountstephen,1986-01-06 10:30:48,F,,bmountstephena5@themeforest.net,999-893-0293,
367,jgodfraya6,qBY6MvWL,Josey Godfray,1965-12-01 22:59:30,F,,jgodfraya6@businessweek.com,502-482-6183,
368,kaubrya7,iCXEtoJK,Koren Aubry,2008-12-21 09:33:48,M,,kaubrya7@miitbeian.gov.cn,459-543-7498,
369,fdonawaya8,m7GjJku,Faina Donaway,1979-06-01 23:46:34,F,,fdonawaya8@t-online.de,760-116-1607,
370,lbuicka9,iRAby9,Lorin Buick,1991-04-29 07:54:48,M,,lbuicka9@berkeley.edu,824-159-4230,
371,rbyardaa,OjHIdZ6h4aId,Rosana Byard,2007-12-19 20:28:03,F,,rbyardaa@mail.ru,772-721-2988,
372,prothertab,3Y1nkAJOsNVq,Pippy Rothert,1974-03-11 09:09:03,F,,prothertab@accuweather.com,408-748-8813,
373,mboyesac,DOrghFD,Madelyn Boyes,1977-06-12 05:41:10,M,,mboyesac@dailymotion.com,826-274-9550,
374,bbinfieldad,MUswC0nax,Benedetta Binfield,1990-12-22 06:39:29,M,,bbinfieldad@thetimes.co.uk,673-947-3528,
375,vkyteae,w1koyN,Veriee Kyte,1961-08-04 10:26:38,M,,vkyteae@tuttocitta.it,950-260-6043,
376,ebeezeaf,DforKiE0T,Emelen Beeze,1964-05-01 16:46:19,M,,ebeezeaf@about.com,967-445-7851,
377,jrubinivitzag,kwm1Xxw,Jerrie Rubinivitz,2008-11-24 21:57:35,M,,jrubinivitzag@nationalgeographic.com,911-130-0283,
378,wrawleah,tdvLm6,Waldon Rawle,1990-11-22 00:03:55,F,,wrawleah@blogs.com,177-690-2809,
379,vchuterai,lpb65j,Venita Chuter,1986-05-06 04:43:03,M,,vchuterai@github.com,329-386-0508,
380,sferrymanaj,BHjoEsi9w,Salomone Ferryman,1983-02-20 20:43:26,F,,sferrymanaj@businesswire.com,135-120-6749,
381,bdunckleeak,x77Gmx2o6,Booth Duncklee,2009-05-12 17:40:25,M,,bdunckleeak@skyrock.com,683-151-6423,
382,ebalmal,Gol6UtV,Ebeneser Balm,1964-07-08 19:51:54,M,,ebalmal@quantcast.com,399-319-8599,
383,hkleintam,itCMipMyz5,Hilary Kleint,1972-07-15 09:39:52,F,,hkleintam@businessweek.com,743-106-0813,
384,idanilovichan,YOKRCAWBbfOF,Immanuel Danilovich,1971-06-09 20:46:56,F,,idanilovichan@cloudflare.com,714-168-8911,
385,dstormesao,lSz1JRBEA,Dario Stormes,1984-04-10 22:34:36,M,,dstormesao@privacy.gov.au,854-172-7591,
386,cfetherbyap,nUhWBRR,Cosme Fetherby,1992-09-24 02:42:30,M,,cfetherbyap@dailymotion.com,975-837-2076,
387,sgainsburghaq,km4isBgwoYI,Stephenie Gainsburgh,2002-06-17 14:32:27,M,,sgainsburghaq@va.gov,596-228-0456,
388,dnewensar,BwkQoaD6lX,Darcie Newens,1957-02-27 02:18:53,F,,dnewensar@hexun.com,535-903-1299,
389,ncayzeras,5DaqaicRpfu,Nikki Cayzer,1972-09-25 19:24:46,F,,ncayzeras@domainmarket.com,607-536-1399,
390,jcubittat,ySTIdViBHuW,Jerrine Cubitt,2007-07-05 06:45:57,F,,jcubittat@de.vu,995-737-1310,
391,wkyberdau,WP84710YXiex,Wilhelmina Kyberd,1998-11-05 23:01:49,F,,wkyberdau@google.ru,504-218-6633,
392,ftuckermanav,FO996t,Farrand Tuckerman,2001-07-25 10:31:53,M,,ftuckermanav@xinhuanet.com,299-128-8571,
393,rplaneaw,szYecklMR5iL,Rhona Plane,1992-05-05 20:52:07,M,,rplaneaw@123-reg.co.uk,905-306-6531,
394,vmcmylerax,7AlSVHf,Vernen McMyler,1995-09-20 05:56:26,F,,vmcmylerax@mapquest.com,726-362-1799,
395,farmsbyay,4LzINCEiK,Felita Armsby,1994-12-13 12:23:01,M,,farmsbyay@fda.gov,657-624-1728,
396,kdeakinaz,riB0ehHtYj,Kellby Deakin,1951-04-01 20:36:36,M,,kdeakinaz@cam.ac.uk,177-869-6499,
397,pingreeb0,nMtGnkEfX,Pavla Ingree,1986-05-03 22:37:59,F,,pingreeb0@trellian.com,301-331-9744,
398,ssisnettb1,ZncQShgKgz,Stavros Sisnett,1978-07-09 01:21:21,F,,ssisnettb1@upenn.edu,116-788-6164,
399,myeomansb2,oLcs9CiRx,Marlee Yeomans,1980-08-24 17:42:51,M,,myeomansb2@columbia.edu,232-334-7835,
400,ebanthamb3,felQVYfN,Elia Bantham,1974-02-12 10:43:58,F,,ebanthamb3@irs.gov,799-142-4470,
401,tscotsonb4,19TM63JneX,Tammy Scotson,1991-06-17 03:07:28,F,,tscotsonb4@hhs.gov,731-446-5121,
402,khazelhurstb5,KqlBUOVIQ,Kanya Hazelhurst,1994-12-23 05:49:00,M,,khazelhurstb5@fastcompany.com,274-320-6717,
403,smccardb6,KjksVX,Stacy McCard,1983-02-24 11:23:53,M,,smccardb6@blinklist.com,293-208-3402,
404,jrosenhauptb7,6ys4K9L,Jasen Rosenhaupt,2001-03-08 08:01:50,M,,jrosenhauptb7@squarespace.com,909-127-7293,
405,dtellenbrokb8,mWg77cWH,Dacie Tellenbrok,1979-11-01 23:29:27,M,,dtellenbrokb8@printfriendly.com,811-910-7837,
406,fbraveyb9,vmPWgQBo,Fernanda Bravey,1956-05-21 12:23:59,F,,fbraveyb9@marketwatch.com,874-460-9292,
407,aclowtonba,xBKXvXbPkia,Alfy Clowton,2001-09-07 10:15:06,F,,aclowtonba@boston.com,329-560-0512,
408,pcheyennebb,Bq3lAKiw3,Pietrek Cheyenne,1999-02-07 02:03:57,M,,pcheyennebb@canalblog.com,754-969-5101,
409,pmcturleybc,Xlpt9lYMghrc,Pepe McTurley,2008-05-17 09:45:39,M,,pmcturleybc@telegraph.co.uk,721-720-3669,
410,dmordeybd,eO7GrZQ,Der Mordey,1967-10-03 08:59:08,F,,dmordeybd@dailymail.co.uk,632-369-3256,
411,fgreensittbe,g8AKzHnj3kY,Freda Greensitt,1975-06-30 07:48:51,F,,fgreensittbe@mozilla.com,403-366-8375,
412,ptrevaskusbf,kiAIQgofrD,Peadar Trevaskus,1987-01-02 13:43:35,M,,ptrevaskusbf@w3.org,507-631-3653,
413,hbouchierbg,azEXtjueT,Halli Bouchier,2009-06-11 00:07:05,F,,hbouchierbg@mac.com,723-265-1916,
414,cohartiganbh,uOKoZq,Chaddy O'Hartigan,1954-02-22 15:12:25,M,,cohartiganbh@gizmodo.com,212-348-9589,
415,rramebi,0CnTW3pW,Rutter Rame,1980-09-08 19:42:35,M,,rramebi@hc360.com,861-936-6227,
416,wshortobj,s4RqkUcPC0uM,Waylen Shorto,1990-11-03 13:22:44,M,,wshortobj@squidoo.com,998-614-0278,
417,mstraffonbk,HKElXyKG,Markos Straffon,2002-06-20 22:03:23,F,,mstraffonbk@si.edu,999-674-4272,
418,ppryorbl,zlQzf7KvX,Perle Pryor,1972-04-20 03:07:18,M,,ppryorbl@kickstarter.com,167-545-3932,
419,censtenbm,rdYAlNAEL,Coriss Ensten,2001-04-27 06:46:45,M,,censtenbm@angelfire.com,362-225-9349,
420,esackurbn,Ltrw2Ao,Edin Sackur,1968-09-17 06:14:51,F,,esackurbn@wiley.com,660-533-7145,
421,dsidesbo,1bK49sVUcx,Delphinia Sides,1998-12-19 04:45:09,F,,dsidesbo@disqus.com,562-673-5660,
422,nkynebp,aFtN4g,Nolly Kyne,1975-06-16 16:00:25,M,,nkynebp@epa.gov,707-380-1529,
423,cozintsevbq,cybuCmu,Cherrita Ozintsev,1955-02-11 12:35:54,M,,cozintsevbq@stanford.edu,892-545-7269,
424,bcardoebr,AtimuMNM,Berkeley Cardoe,1984-10-06 18:38:20,F,,bcardoebr@infoseek.co.jp,536-806-5009,
425,shallihanebs,Hpd72ixDtcQ,Shannon Hallihane,1971-12-04 17:27:52,F,,shallihanebs@behance.net,851-939-5832,
426,larchellbt,pUPjn3or,Lucas Archell,1979-06-07 12:36:48,F,,larchellbt@ifeng.com,422-108-5670,
427,rharrhybu,Ki4vYcCeD7P,Rosanne Harrhy,2002-11-07 01:20:52,F,,rharrhybu@washington.edu,262-499-5733,
428,lbeernaertbv,KJuhGeaABvrK,Lawton Beernaert,1958-03-23 16:05:55,M,,lbeernaertbv@sakura.ne.jp,366-911-2133,
429,arosternbw,OUDjV9,Alejandro Rostern,1969-08-03 07:17:35,M,,arosternbw@mashable.com,594-314-1529,
430,icaitlinbx,MDusDhAql1c,Ike Caitlin,1965-07-14 20:28:34,M,,icaitlinbx@list-manage.com,147-346-2759,
431,jnibloeby,WzotlV,Jenifer Nibloe,2005-06-04 10:38:44,F,,jnibloeby@marketwatch.com,240-626-5718,
432,kpagelsenbz,jbz0qN,Kile Pagelsen,1998-12-08 19:54:09,M,,kpagelsenbz@shutterfly.com,504-641-0140,
433,lwilbudc0,CXYOj3C,Lynna Wilbud,1964-09-06 16:57:07,M,,lwilbudc0@is.gd,196-660-5002,
434,maitonc1,Lm7FQSi06Ee,Marice Aiton,1992-12-04 16:13:40,F,,maitonc1@google.nl,396-434-7316,
435,edadec2,8f3uqmYogPJy,Eddi Dade,2005-12-30 19:48:43,F,,edadec2@xing.com,474-766-9128,
436,cconroyc3,hb1pbRGp1u,Christy Conroy,1969-05-10 07:39:56,M,,cconroyc3@sina.com.cn,846-588-5905,
437,kmaillardc4,ylpy6N3P5Xf,Karyl Maillard,1997-06-16 23:06:28,F,,kmaillardc4@xing.com,404-672-9253,
438,sroneyc5,2AOlYH7,Sada Roney,1985-04-25 13:17:41,F,,sroneyc5@tinypic.com,379-872-5578,
439,lsenescallc6,LRVVVUQTgn4,Lyn Senescall,1952-03-26 05:47:41,M,,lsenescallc6@amazon.co.jp,857-386-3682,
440,ntawnc7,VJ3FQ0r1Rtl,Natka Tawn,1958-03-06 19:33:39,M,,ntawnc7@uiuc.edu,761-225-7045,
441,jgrettonc8,PLH8ZBL9E8,Jerrine Gretton,2006-11-11 19:22:15,F,,jgrettonc8@hexun.com,846-170-6147,
442,bbisterfeldc9,9zpwxKFkQ,Brunhilde Bisterfeld,1975-04-29 17:03:05,F,,bbisterfeldc9@cocolog-nifty.com,933-496-2997,
443,ibeagenca,wbXTkod7L,Inez Beagen,1999-01-18 13:47:31,M,,ibeagenca@chron.com,514-956-5421,
444,ahinkencb,IgYLRJDS3y,Anastasia Hinken,1999-07-08 03:10:44,F,,ahinkencb@hud.gov,459-682-9597,
445,mpophamcc,Ammhzvs2,Mac Popham,2006-01-26 05:40:11,M,,mpophamcc@zimbio.com,329-735-4826,
446,gmarchetticd,Tf7zQoE8Q,Gerti Marchetti,1976-05-19 01:29:47,M,,gmarchetticd@google.fr,547-141-6866,
447,pgoldsackce,4Zg7VSTyk,Pierrette Goldsack,1958-10-25 03:57:06,F,,pgoldsackce@hibu.com,165-466-8951,
448,pheelcf,w2dHbAfA31,Pearle Heel,1974-08-20 09:31:42,F,,pheelcf@ebay.co.uk,607-648-8396,
449,ljanuarycg,ywTcnpW,Leola January,1996-06-01 11:41:03,F,,ljanuarycg@surveymonkey.com,191-490-2118,
450,ddech,VHX9QnaJ6Vk,Derk De Robertis,1957-01-24 11:10:15,F,,ddech@lulu.com,515-361-4693,
451,mbrandoneci,XE1ibWOfDM,Mario Brandone,1979-05-17 17:33:47,M,,mbrandoneci@opensource.org,148-181-1422,
452,dsquiercj,SXBdHPseizra,Drew Squier,1985-10-22 21:16:48,M,,dsquiercj@myspace.com,933-968-1878,
453,dhobbingck,vZXfvf3jA5,Dudley Hobbing,1998-01-07 06:07:45,F,,dhobbingck@hibu.com,558-511-1891,
454,lquarriecl,qXC1Cl0qeWaz,Lian Quarrie,1961-04-08 17:30:07,M,,lquarriecl@mayoclinic.com,237-682-2798,
455,pwardleycm,LpfwHawRec9k,Prentiss Wardley,1969-06-03 04:40:53,M,,pwardleycm@mlb.com,491-739-6149,
456,hharrycn,3vyaDynj6,Hamnet Harry,1974-11-27 00:44:04,M,,hharrycn@webs.com,783-654-8027,
457,ymcbreartyco,dO3UMu,Yelena McBrearty,1971-01-08 01:08:26,M,,ymcbreartyco@rambler.ru,354-845-6181,
458,adorricottcp,i7rWfX,Allis Dorricott,1984-02-04 04:45:53,M,,adorricottcp@aol.com,277-863-4211,
459,jjoiscecq,f7SqCau,Johnathon Joisce,2003-04-18 07:16:27,M,,jjoiscecq@marriott.com,338-483-5630,
460,hhacquoilcr,hfLPouW8med,Hyacintha Hacquoil,1996-02-11 03:45:58,M,,hhacquoilcr@people.com.cn,976-578-3151,
461,mheadechcs,lQqGxnFJfBkd,Malvina Headech,1968-04-29 06:07:30,M,,mheadechcs@vinaora.com,242-305-1121,
462,arosiect,B6iKQiD9zP,Alistair Rosie,2003-06-23 00:14:42,M,,arosiect@phoca.cz,757-155-1989,
463,ogwionethcu,T9q1GDG,Odelinda Gwioneth,1972-01-29 23:24:59,M,,ogwionethcu@blogs.com,628-722-8114,
464,fdaintycv,xy1RODlHjhZ,Felic Dainty,1972-09-28 08:03:49,F,,fdaintycv@craigslist.org,821-956-9104,
465,tcamincw,hqHF4EDL,Tanny Camin,1977-11-22 07:02:12,F,,tcamincw@chron.com,286-137-9729,
466,cquakleycx,rTqSvzvc,Charley Quakley,1984-02-14 20:43:02,M,,cquakleycx@vimeo.com,875-747-7940,
467,ypicklesscy,QfOippYtR,Yalonda Pickless,1989-04-14 19:38:55,F,,ypicklesscy@boston.com,350-586-4097,
468,csculleycz,AA5HRjIe,Cyril Sculley,1961-07-22 05:18:07,F,,csculleycz@merriam-webster.com,435-840-4555,
469,dgounind0,LaCftUAQrJ7,Deena Gounin,1963-06-24 19:05:06,F,,dgounind0@examiner.com,244-341-7954,
470,tgrowcottd1,oV469nITwDA,Tobe Growcott,1987-02-25 09:22:37,M,,tgrowcottd1@guardian.co.uk,746-234-5436,
471,pmarriaged2,G17Bx0s,Pietrek Marriage,2009-02-27 07:00:56,F,,pmarriaged2@linkedin.com,174-889-6342,
472,rlatehoused3,KaXd6Z,Rosanna Latehouse,2004-10-31 22:33:21,F,,rlatehoused3@dion.ne.jp,552-600-1646,
473,spadberyd4,Q6zmNHYf,Stacee Padbery,1964-09-14 15:33:15,F,,spadberyd4@oracle.com,642-195-0628,
474,cpreeced5,FcBjgx,Cristionna Preece,1970-08-27 19:15:03,F,,cpreeced5@photobucket.com,252-162-4448,
475,taultond6,80OtIG0QvG6,Tabb Aulton,2000-12-20 22:57:53,F,,taultond6@joomla.org,949-409-9303,
476,ngormand7,nFGIypp,Napoleon Gorman,2005-04-10 08:26:48,M,,ngormand7@theatlantic.com,429-552-2034,
477,mterramd8,8WIdWL,Mimi Terram,1988-12-06 06:06:18,M,,mterramd8@rakuten.co.jp,454-836-5118,
478,pcluttend9,0ULtz6,Peri Clutten,1980-10-03 15:03:57,F,,pcluttend9@blinklist.com,884-327-4456,
479,biacomettiida,8fKTIjP7k,Bill Iacomettii,1976-03-31 07:15:14,M,,biacomettiida@nih.gov,268-328-9190,
480,ocrosswaitedb,2Whb1km,Orville Crosswaite,1979-10-01 16:59:48,F,,ocrosswaitedb@scientificamerican.com,529-694-0950,
481,alaterzadc,WFhZ5a,Agnesse Laterza,1976-07-19 20:36:12,F,,alaterzadc@nhs.uk,623-513-6383,
482,vbirtledd,iu9zUSk7q,Vinni Birtle,1957-07-22 12:28:02,F,,vbirtledd@reverbnation.com,204-400-2219,
483,atompkinsde,s8xbdiR05w,Aylmer Tompkins,1964-11-09 03:16:09,M,,atompkinsde@stanford.edu,616-236-3577,
484,bwinchcumdf,VHy4limi52,Brandise Winchcum,1969-06-06 15:37:11,F,,bwinchcumdf@marketwatch.com,504-287-7813,
485,ahadleydg,5N1bz1h,Aretha Hadley,1976-07-29 04:46:24,M,,ahadleydg@over-blog.com,358-528-1122,
486,tleghdh,eWTJWQP,Tracee Legh,2000-12-15 05:55:28,F,,tleghdh@youtu.be,916-710-6500,
487,rcavolinidi,9YlaOZ6vH8e,Raychel Cavolini,1968-11-23 16:15:26,M,,rcavolinidi@umn.edu,570-639-8489,
488,ctomlinsdj,p4UU04i,Caryl Tomlins,1959-10-26 23:41:57,M,,ctomlinsdj@homestead.com,817-429-0683,
489,akerrydk,WB8Wpig9iJH,Anatollo Kerry,1955-03-11 23:08:31,M,,akerrydk@angelfire.com,380-490-4015,
490,varelesdl,EJjFptuRO,Vincenz Areles,1982-11-20 10:09:49,M,,varelesdl@dailymail.co.uk,640-340-5408,
491,enencidm,hlOnUaJ,Emili Nenci,1991-04-01 20:43:10,F,,enencidm@wisc.edu,430-902-1258,
492,otubbydn,vmMeGVPQ,Olive Tubby,1991-07-22 19:10:01,F,,otubbydn@theglobeandmail.com,719-525-4289,
493,abargerydo,kRR1B2pfIt,Abby Bargery,1957-10-29 01:52:20,M,,abargerydo@google.ru,718-738-7317,
494,tlippattdp,iCCsC63qrw,Todd Lippatt,1955-05-11 10:39:11,M,,tlippattdp@google.it,481-491-1603,
495,dmaudlingdq,g3rHP4hPg97d,Daniela Maudling,1950-01-28 13:15:33,F,,dmaudlingdq@nasa.gov,648-173-3346,
496,dmccooledr,fwKwZb,Dorie McCoole,1956-07-09 16:32:27,F,,dmccooledr@uiuc.edu,503-426-9251,
497,loppyds,0rRKgr,Lark Oppy,1967-06-04 06:04:40,M,,loppyds@elegantthemes.com,705-941-5731,
498,msinfielddt,2ByzLBS,Myrta Sinfield,1989-09-02 03:43:42,M,,msinfielddt@theglobeandmail.com,102-773-9926,
499,lvernedu,SBHWAulP,La verne Emmens,1960-07-10 07:15:16,F,,lvernedu@miitbeian.gov.cn,253-394-8069,
500,cpoleykettdv,HOPzRh,Cherianne Poleykett,1977-07-18 03:23:30,M,,cpoleykettdv@joomla.org,930-135-0933,
501,tfeldsteindw,9xNE5u,Titus Feldstein,1975-08-24 14:09:04,M,,tfeldsteindw@taobao.com,840-412-9303,
502,mheinritzdx,qpDInWT,Malory Heinritz,1964-12-19 18:52:00,F,,mheinritzdx@google.com.br,966-353-4206,
503,clalondedy,OpnojHgrFL,Camilla Lalonde,2002-07-10 15:42:37,M,,clalondedy@bluehost.com,276-885-1027,
504,watkindz,1Q1RRMOyc,Wheeler Atkin,1990-07-14 09:53:10,M,,watkindz@nbcnews.com,399-180-1434,
505,aveeverse0,1MkVKfu,Aigneis Veevers,1965-09-29 09:40:39,M,,aveeverse0@hibu.com,281-386-2901,
506,etotteme1,ZsPmSGkKu3,Elia Tottem,2003-04-19 19:20:22,M,,etotteme1@intel.com,644-422-7087,
507,hrivalante2,WxO4ef,Helen Rivalant,1976-03-22 00:08:05,M,,hrivalante2@mtv.com,180-329-0564,
508,gbridgee3,nwZyMEs2Wa,Gearalt Bridge,1960-11-08 12:29:13,F,,gbridgee3@shinystat.com,174-322-5879,
509,tfairningtone4,8wQMCfjl,Tomasina Fairnington,1972-08-12 14:22:22,F,,tfairningtone4@a8.net,655-185-4138,
510,pdibbee5,1bO2cYMBQS,Perl Dibbe,2008-11-13 13:52:09,F,,pdibbee5@delicious.com,155-397-2091,
511,mawcoatee6,01CshZ,Moishe Awcoate,1978-10-16 17:02:20,F,,mawcoatee6@dell.com,793-530-9687,
512,rlinhame7,Fbn9MaYh,Roger Linham,1952-01-02 11:32:14,M,,rlinhame7@360.cn,760-491-3490,
513,tluttgerte8,lWYke1A4LlV,Tessy Luttgert,1975-11-20 10:23:53,M,,tluttgerte8@over-blog.com,588-853-6695,
514,tmagnuse9,4YtcEV,Trey Magnus,2007-12-30 11:16:01,F,,tmagnuse9@gizmodo.com,400-178-8260,
515,mhamptonea,UgKAdBmRZu,Myrvyn Hampton,1955-09-19 22:09:17,M,,mhamptonea@printfriendly.com,174-890-0756,
516,kgreallyeb,lW1bfNROud0,Killian Greally,1956-10-13 04:06:48,M,,kgreallyeb@toplist.cz,693-517-3625,
517,ddrewetec,PFYFLe08VC,Darrick Drewet,1957-10-16 01:03:02,F,,ddrewetec@cnet.com,776-673-5717,
518,eshatliffed,aycyGEO5qk4L,Elisa Shatliff,1960-06-16 03:42:23,M,,eshatliffed@posterous.com,390-693-0241,
519,hrozzieree,8hmIUX,Hillery Rozzier,1977-10-20 19:55:38,M,,hrozzieree@artisteer.com,338-102-8944,
520,jbruntonef,KyWyiQ2oU,Juliet Brunton,1982-07-29 13:23:07,M,,jbruntonef@is.gd,671-850-4911,
521,cchevinseg,UKUhpikzHiA,Charil Chevins,1967-02-21 17:29:56,F,,cchevinseg@symantec.com,896-510-6959,
522,smcganneh,vEhppzmgr,Sheffield McGann,2006-06-27 04:23:57,M,,smcganneh@globo.com,904-793-6744,
523,scolenuttei,cFl6k6Gmdi,Suki Colenutt,1979-09-07 22:58:38,M,,scolenuttei@infoseek.co.jp,161-408-0809,
524,apaliserej,ZPlvKx,Amby Paliser,2008-12-30 19:32:39,F,,apaliserej@posterous.com,892-374-0972,
525,vkingsmanek,mfgeBDQrX,Vail Kingsman,1986-10-11 03:37:19,M,,vkingsmanek@a8.net,710-901-5121,
526,swhordleyel,ap3XoKENH,Shirley Whordley,1971-02-19 11:27:43,M,,swhordleyel@cpanel.net,569-166-5196,
527,gbonafacinoem,iHmPZjTyN,Gradey Bonafacino,1977-10-21 07:39:13,F,,gbonafacinoem@bloglovin.com,531-931-1968,
528,rhammoren,6yrlipua8ACI,Ringo Hammor,1989-03-24 19:33:49,M,,rhammoren@wunderground.com,965-360-6889,
529,cborleaseeo,jgxmpu6K,Charissa Borlease,2006-12-19 13:43:47,M,,cborleaseeo@fc2.com,753-126-9577,
530,oshropsheirep,7MR30fkr8ls,Omar Shropsheir,2001-05-02 22:11:40,F,,oshropsheirep@webs.com,585-442-9502,
531,nhenstoneeq,jOyXoV,Nannie Henstone,1992-11-18 20:06:56,M,,nhenstoneeq@globo.com,446-857-5515,
532,fdyhouseer,Tx6fMwPsJa5,Fransisco Dyhouse,1966-01-18 16:53:34,F,,fdyhouseer@amazon.co.uk,166-174-2769,
533,aendeanes,i9vMBw,Anders Endean,1994-01-25 10:03:43,M,,aendeanes@lulu.com,447-604-7207,
534,mvedntyevet,EBlcPv9n,Maryl Vedntyev,1989-09-13 10:15:38,M,,mvedntyevet@blogger.com,235-351-9752,
535,jkmietscheu,RPL3Wjk,Jaymie Kmietsch,1955-10-17 18:39:14,F,,jkmietscheu@sohu.com,757-890-2267,
536,elistonev,DqUgNMKkD,Emyle Liston,1996-01-01 22:02:21,F,,elistonev@mail.ru,873-144-0404,
537,mbillisonew,8qgRAoDsz,Marcille Billison,1961-04-20 22:58:41,F,,mbillisonew@tmall.com,616-451-1818,
538,gchomiszewskiex,jd96IvVHmO,Gunar Chomiszewski,1955-11-11 10:47:17,M,,gchomiszewskiex@census.gov,813-792-7270,
539,apeirazziey,nn50MnNh,Anallese Peirazzi,1984-02-14 21:08:30,F,,apeirazziey@state.gov,186-149-8225,
540,rwroutez,918YGUk,Roscoe Wrout,1987-02-16 01:23:49,F,,rwroutez@jalbum.net,476-322-9263,
541,ptoupef0,vnqhe8H1O,Philipa Toupe,1979-06-24 23:39:01,F,,ptoupef0@slate.com,738-685-4258,
542,ctollidayf1,vZbdt7vePW,Charlean Tolliday,1985-09-20 11:46:14,M,,ctollidayf1@tripod.com,417-779-9451,
543,rtrowsdallf2,OR13vZSr,Ricky Trowsdall,1979-06-12 13:50:01,M,,rtrowsdallf2@umn.edu,733-472-9460,
544,mkrystoff3,Wvn7kqi,Marlowe Krystof,1988-04-18 18:23:53,F,,mkrystoff3@simplemachines.org,353-862-4146,
545,myersonf4,ZTM0rwZpCx4h,Marcille Yerson,1996-02-10 13:26:16,M,,myersonf4@tinyurl.com,406-830-6877,
546,glafflinf5,tRTguVUHHz8,Germana Lafflin,1959-07-27 21:31:06,M,,glafflinf5@php.net,102-930-2693,
547,mcapeyf6,tqiS8Zwkn3m,Madlin Capey,1991-07-12 02:35:29,F,,mcapeyf6@wisc.edu,194-866-6838,
548,wjeunef7,32C7GA8v,Windham Jeune,2009-01-24 09:46:05,F,,wjeunef7@networkadvertising.org,293-736-6285,
549,hquinanef8,LlJV63WKN8dl,Hendrika Quinane,1979-12-17 11:38:41,F,,hquinanef8@ox.ac.uk,427-915-4816,
550,gdadef9,JWgMTXvr,Goldarina Dade,1998-10-29 06:03:27,M,,gdadef9@flickr.com,652-833-6320,
551,cbucknillfa,0ZP6ghwrxF1l,Caressa Bucknill,2003-10-19 12:49:52,M,,cbucknillfa@miitbeian.gov.cn,214-943-3963,
552,mcordlefb,Sk5kEHEzW2rO,Merry Cordle,1955-03-24 10:46:55,M,,mcordlefb@qq.com,267-426-5879,
553,cennewfc,ZenjAmhc,Corella Ennew,1980-02-10 03:00:53,M,,cennewfc@google.de,755-242-8494,
554,ibranganfd,NWv8g15,Ilise Brangan,2007-07-15 19:18:25,M,,ibranganfd@bloglines.com,827-348-3619,
555,aallsofe,2Wu9BVrCI2up,Alastair Allso,2006-04-25 06:49:45,F,,aallsofe@360.cn,412-417-4359,
556,cpudnerff,5z2uVnCSE5,Courtney Pudner,1971-01-21 11:44:55,M,,cpudnerff@hostgator.com,279-830-5623,
557,rmcsheefg,QfKWvHs4u,Roth McShee,1968-04-10 16:58:53,F,,rmcsheefg@yandex.ru,426-439-6457,
558,jpoulgreenfh,WvBW84,Jane Poulgreen,1996-06-13 19:03:01,F,,jpoulgreenfh@google.co.uk,645-406-8276,
559,jlukehurstfi,z8vw59T,Joyous Lukehurst,1972-02-08 05:26:14,M,,jlukehurstfi@google.nl,137-858-6670,
560,fskitchfj,0tABx5,Fabe Skitch,1964-10-29 01:52:19,M,,fskitchfj@blogtalkradio.com,854-959-7239,
561,dferierfk,AIakp3qOZ,Deeann Ferier,2009-05-23 04:59:14,M,,dferierfk@topsy.com,666-661-9166,
562,kcharltonfl,0pgms1stj,Korry Charlton,1968-07-15 04:07:18,M,,kcharltonfl@census.gov,690-374-9874,
563,wtrembletfm,9Dqv3ZTuoxNs,Way Tremblet,1973-10-08 18:29:30,M,,wtrembletfm@cdc.gov,155-773-9775,
564,cbaalfn,8uKKXXI,Culley Baal,2005-04-23 19:27:08,F,,cbaalfn@mac.com,567-953-7464,
565,ttorricellafo,kBESdoF7tbKj,Thibaud Torricella,1977-10-07 13:31:48,M,,ttorricellafo@cbslocal.com,188-524-7357,
566,fpeschmannfp,WR1iIKx,Flo Peschmann,1950-08-28 02:00:20,F,,fpeschmannfp@ucoz.com,908-519-3002,
567,tmacchaellfq,Q7gP6qK2,Toinette MacChaell,1968-02-20 08:46:58,M,,tmacchaellfq@hubpages.com,141-956-5216,
568,ttulleyfr,CbdMKHvnI23w,Thacher Tulley,1953-07-27 20:47:42,M,,ttulleyfr@umn.edu,285-700-8280,
569,dwysefs,GuLqqIAJJ,Diego Wyse,2005-09-11 11:02:47,F,,dwysefs@symantec.com,767-735-9020,
570,mclaceft,hh2PMaG6,Marie-ann Clace,1974-11-06 10:36:38,M,,mclaceft@paginegialle.it,340-915-0531,
571,callebonefu,Ihct1M7,Coral Allebone,1951-09-23 06:57:06,M,,callebonefu@liveinternet.ru,257-410-3257,
572,speelfv,GlRxbRS,Spense Peel,1961-04-01 22:32:48,M,,speelfv@linkedin.com,477-402-9083,
573,lcaccavellafw,OQjJ3JCKe,Lorette Caccavella,1971-01-12 14:23:46,F,,lcaccavellafw@pen.io,636-536-4324,
574,jsoppethfx,rvNQVJOeh6,Jorgan Soppeth,1971-02-02 04:31:49,M,,jsoppethfx@myspace.com,356-622-3243,
575,sclemoesfy,oxJfJdh,Shara Clemoes,1972-08-24 17:59:05,F,,sclemoesfy@unesco.org,968-606-7466,
576,gcorkfz,qtJ0G73PwJC,Gorden Cork,2008-06-03 15:48:31,M,,gcorkfz@mozilla.org,102-591-2436,
577,cgohng0,TP0Dab6q24EZ,Constantia Gohn,1958-08-22 02:58:47,M,,cgohng0@seattletimes.com,768-101-4414,
578,mglennong1,zJwoblCtUGgE,Megan Glennon,1960-07-13 09:13:59,M,,mglennong1@yahoo.co.jp,388-302-9728,
579,sswing2,5cwXZRs,Shirlee Swin,1976-01-18 16:19:10,M,,sswing2@sphinn.com,465-363-7243,
580,hcoweng3,xXX4bbl29T3,Hobie Cowen,2004-12-20 16:31:51,F,,hcoweng3@hexun.com,653-406-4268,
581,jfearnsg4,3d1iECclr31,Jenna Fearns,1980-06-01 13:39:49,F,,jfearnsg4@pinterest.com,550-838-8817,
582,wlevaneg5,FKWH1AUSSOZ,Waneta Levane,2005-06-05 04:38:10,F,,wlevaneg5@skype.com,511-189-8931,
583,npaceg6,kNpkkknSx,Nan Pace,1960-06-17 12:42:56,M,,npaceg6@behance.net,283-381-0773,
584,emccarlieg7,CsqFFBMqQv,Elsworth McCarlie,2002-03-19 07:14:28,F,,emccarlieg7@infoseek.co.jp,665-756-0548,
585,slordeng8,WZpwwo5WC0kW,Shirl Lorden,1993-05-13 05:09:39,M,,slordeng8@wiley.com,381-955-1442,
586,ablething9,3DD2f7,Alvera Blethin,1955-04-08 21:59:04,M,,ablething9@hao123.com,804-840-0835,
587,dkeenanga,n5dDew5cmA,Darelle Keenan,1974-01-07 10:53:13,M,,dkeenanga@usnews.com,400-886-1885,
588,aoxboroughgb,drgKvez,Al Oxborough,1981-03-10 20:43:57,F,,aoxboroughgb@elpais.com,850-982-3496,
589,dstammlergc,XgYeOBnhxZf,Dierdre Stammler,2009-09-03 20:35:52,F,,dstammlergc@prlog.org,850-567-8948,
590,plernihangd,qGGrOM,Papagena Lernihan,1975-02-23 13:40:50,M,,plernihangd@cnbc.com,124-386-6149,
591,bpoxtonge,1hnWazTUEa,Brewster Poxton,1984-09-30 09:44:01,F,,bpoxtonge@imgur.com,757-289-2900,
592,tchamberlengf,0WKgVDmm,Trina Chamberlen,1990-06-12 00:17:13,F,,tchamberlengf@nyu.edu,261-897-6610,
593,omcreedygg,xotOQt93sB3,Olenka McReedy,1963-07-23 08:45:37,F,,omcreedygg@buzzfeed.com,863-486-0666,
594,vaggasgh,mMfJAlz1jo,Vernen Aggas,1990-01-18 21:28:10,F,,vaggasgh@discuz.net,549-720-1301,
595,bpantergi,c5Lu7vJpMSSx,Beatrisa Panter,1970-01-04 08:49:18,F,,bpantergi@dailymail.co.uk,454-425-2517,
596,cchristoffegj,K1Gio0sQ,Currey Christoffe,1988-07-08 18:27:32,M,,cchristoffegj@lycos.com,552-766-4185,
597,jsimenetgk,32HIul8,Josiah Simenet,1956-05-01 15:46:36,F,,jsimenetgk@nasa.gov,353-921-7410,
598,dtollegl,dI5pof,Dene Tolle,1978-07-18 03:58:34,M,,dtollegl@163.com,570-931-6422,
599,bscraftongm,IpX5OADw,Bary Scrafton,2005-09-26 05:44:48,M,,bscraftongm@weibo.com,608-409-0746,
600,bblanchetgn,rYMIDEgqwY,Blair Blanchet,1976-06-29 05:31:16,M,,bblanchetgn@desdev.cn,487-744-6615,
601,emoultongo,GL54AH,Elmo Moulton,1957-10-22 21:37:49,F,,emoultongo@who.int,306-362-8683,
602,jklemkegp,HRs6mhEVikwf,Jonathan Klemke,1986-08-10 18:02:35,F,,jklemkegp@reddit.com,710-612-9634,
603,gnevinsgq,PxAlCA7ZtM,Gery Nevins,1972-04-20 09:19:10,F,,gnevinsgq@imageshack.us,436-382-3416,
604,pcumptongr,Hz1WJ5m38re,Pepito Cumpton,1950-04-10 00:47:15,M,,pcumptongr@phpbb.com,570-954-7794,
605,gshovlargs,klJFOIyn4hS2,Gare Shovlar,1996-04-20 12:46:35,M,,gshovlargs@godaddy.com,715-937-9313,
606,khumbertgt,5tmgJBait6b,Kakalina Humbert,1969-07-25 11:08:37,M,,khumbertgt@jiathis.com,814-455-0794,
607,nmalitrottgu,i1hYZxM,North Malitrott,1997-03-12 03:06:33,F,,nmalitrottgu@google.fr,436-733-4753,
608,awestbrookgv,vr88i7VKbCn,Andris Westbrook,1987-12-24 01:12:23,F,,awestbrookgv@uiuc.edu,384-867-4808,
609,tstillgw,T4pxTI,Tracy Still,2001-06-01 17:14:10,F,,tstillgw@mozilla.org,548-389-3036,
610,mlunagx,wW30XZHEX,Mill Luna,1971-07-05 10:47:05,M,,mlunagx@answers.com,243-126-8853,
611,mmarwickgy,CB4B7UQN,Magdalen Marwick,1963-09-11 09:08:39,M,,mmarwickgy@wisc.edu,963-429-1501,
612,gsnapgz,Mozclprof,Gav Snap,2007-11-05 12:06:56,F,,gsnapgz@usgs.gov,192-465-1595,
613,schillcoth0,D0GQnfl,Stearn Chillcot,1953-10-28 15:07:23,F,,schillcoth0@cdbaby.com,950-724-6643,
614,rchidlowh1,oZUCK0Squ,Rafaellle Chidlow,1967-06-04 21:15:55,M,,rchidlowh1@geocities.com,957-718-1982,
615,jstiffh2,fmRqZk,Jacklyn Stiff,1978-02-08 04:23:59,F,,jstiffh2@deviantart.com,487-465-5964,
616,rstodarth3,Do0HU3,Regen Stodart,1970-04-23 23:40:43,F,,rstodarth3@virginia.edu,537-948-0310,
617,jgamlenh4,oGQ4k7U,Jerrome Gamlen,1959-11-13 16:50:20,M,,jgamlenh4@macromedia.com,310-912-7630,
618,vmummeryh5,7br4Qk9Wj,Vernon Mummery,2006-09-26 08:38:14,M,,vmummeryh5@sbwire.com,203-901-6201,
619,rokeavenyh6,GzAeKrz,Rozanne O'Keaveny,1984-07-13 19:44:34,F,,rokeavenyh6@tuttocitta.it,588-141-4732,
620,scrutchleyh7,Sxk3cF9,Sergei Crutchley,1951-03-05 02:35:34,M,,scrutchleyh7@drupal.org,438-344-7871,
621,jhellwichh8,Jubh5LWusLq,Jose Hellwich,2005-08-19 12:19:28,M,,jhellwichh8@simplemachines.org,568-739-1053,
622,fbattailleh9,GGh0iSMG2cu,Frederique Battaille,1958-10-30 21:19:21,M,,fbattailleh9@flickr.com,817-187-9605,
623,mruddinha,KzonlP5C,Murdock Ruddin,1977-12-03 23:58:55,F,,mruddinha@bloglovin.com,919-704-0937,
624,gmccorryhb,0wcRSiusnyuS,Ganny McCorry,1956-10-17 13:35:14,M,,gmccorryhb@acquirethisname.com,469-220-2301,
625,fsaysehc,tjwM7E,Florette Sayse,1982-06-15 01:11:57,F,,fsaysehc@google.com,560-857-6960,
626,mpendlentonhd,ZhtozhAStYH,Micheline Pendlenton,1998-02-16 23:25:20,F,,mpendlentonhd@nifty.com,217-682-3140,
627,fnapolihe,Y4IvXh,Franny Napoli,1954-06-07 08:00:59,M,,fnapolihe@sitemeter.com,312-154-8462,
628,cspellardhf,FbwxibopPJl,Chevy Spellard,1983-07-09 21:05:31,M,,cspellardhf@ucsd.edu,240-750-1836,
629,cdirrhg,YeF5qb4Vym,Charlotte Dirr,1993-04-19 05:38:34,M,,cdirrhg@europa.eu,669-382-8383,
630,ehubbuckehh,CEQSwujUOEmH,Emily Hubbucke,1991-12-23 05:41:40,M,,ehubbuckehh@list-manage.com,867-103-4089,
631,akilgrewhi,T2gjKOseKFe,Aurlie Kilgrew,2001-12-17 07:12:49,F,,akilgrewhi@wikimedia.org,412-792-0921,
632,tkyleshj,0KyVSGl,Tamar Kyles,1974-02-04 16:05:45,F,,tkyleshj@nhs.uk,329-174-0483,
633,zblaberhk,4DmoNuS,Zollie Blaber,1977-11-04 09:00:31,F,,zblaberhk@google.it,381-555-0807,
634,cbelinhl,YYMCSdZMaF,Culley Belin,1966-09-18 13:54:28,M,,cbelinhl@naver.com,390-370-9356,
635,bgoldsbyhm,E7I3wfkba5,Brinn Goldsby,2000-12-17 13:25:38,F,,bgoldsbyhm@amazon.co.uk,778-646-0098,
636,tsmithemanhn,NEXbUJmA,Tomlin Smitheman,1953-05-25 20:28:20,F,,tsmithemanhn@toplist.cz,425-169-9862,
637,krichardsho,DRYIG3G5c3v,Kerri Richards,1964-05-23 14:14:51,F,,krichardsho@globo.com,432-196-1171,
638,ekoppelhp,PJJjs5OF,Efren Koppel,1965-08-13 21:53:07,M,,ekoppelhp@goo.gl,660-842-4348,
639,gclinkhq,r9tv5P,Grenville Clink,1992-04-23 20:29:19,M,,gclinkhq@census.gov,826-698-4339,
640,hrichmonthr,YE307SiGj7J,Hodge Richmont,1954-03-11 20:13:43,M,,hrichmonthr@japanpost.jp,236-641-4196,
641,dpeachamhs,R1geTqwsqN,Dotty Peacham,1985-08-17 22:52:43,M,,dpeachamhs@typepad.com,380-220-9112,
642,ptonkinsonht,NWiBetENmN,Patrice Tonkinson,1973-05-30 18:39:01,M,,ptonkinsonht@omniture.com,689-770-0534,
643,cblaverhu,R6MU6hX0lf7,Callida Blaver,1969-01-18 19:43:38,F,,cblaverhu@imdb.com,506-827-8318,
644,ffaughnanhv,NXsv6lt9cDT,Franky Faughnan,1964-01-09 04:57:56,F,,ffaughnanhv@alexa.com,371-204-3742,
645,gkarpfenhw,a2nqhQs,Gerek Karpfen,1972-04-04 19:05:37,F,,gkarpfenhw@printfriendly.com,942-186-6037,
646,mgommeshx,ntkY7nQ2sBW,Morgen Gommes,2000-04-07 14:09:48,F,,mgommeshx@vimeo.com,288-687-8330,
647,eimpyhy,3BTT0Zloav4,Ellwood Impy,2006-03-26 19:04:48,F,,eimpyhy@wufoo.com,292-958-5938,
648,asuddockhz,Ww1J22o,Adi Suddock,2003-08-07 13:32:20,M,,asuddockhz@mysql.com,820-392-6741,
649,wbearcrofti0,RWqmqrzsNE,Winnifred Bearcroft,1967-02-20 11:07:07,M,,wbearcrofti0@prlog.org,672-342-2419,
650,mphettisi1,GP9dmpnPRco,Mildrid Phettis,1984-10-23 04:22:04,M,,mphettisi1@ftc.gov,348-673-7959,
651,mrouxi2,7icNl8rR,Marcello Roux,1954-07-19 02:04:22,M,,mrouxi2@arstechnica.com,715-410-3292,
652,dmagsoni3,wy53kh,Dal Magson,2002-09-23 03:48:04,F,,dmagsoni3@weebly.com,673-311-6035,
653,pmcvittiei4,tvJRfr,Porter McVittie,2005-05-31 11:20:43,F,,pmcvittiei4@bizjournals.com,795-679-4631,
654,jstannersi5,IIaJSLSheWHJ,Jared Stanners,1957-01-23 12:28:37,F,,jstannersi5@discovery.com,838-815-4268,
655,mcoatsworthi6,BZsa3Gf6yi,Marlowe Coatsworth,2009-07-21 09:14:46,F,,mcoatsworthi6@nytimes.com,405-929-2943,
656,nredfordi7,ewZnrYZxo,Noak Redford,1976-12-22 01:00:38,M,,nredfordi7@imgur.com,961-779-3873,
657,cgilroyi8,HUZRo4rbyD2,Carmelita Gilroy,2005-05-30 15:07:02,M,,cgilroyi8@globo.com,147-317-6662,
658,wmccurtaini9,PFXfFwn,Winn McCurtain,1983-01-25 23:24:39,M,,wmccurtaini9@sciencedaily.com,133-202-8590,
659,djeramsia,zl3L3uPrbN2,Devonna Jerams,1964-02-01 00:01:28,M,,djeramsia@scribd.com,671-950-5613,
660,bcrewsib,qsLq7nggSI0,Briant Crews,1965-04-27 10:08:43,M,,bcrewsib@360.cn,376-511-6978,
661,qmaffiolettiic,PGFbKfYijRZ,Quintilla Maffioletti,1972-12-18 23:02:28,M,,qmaffiolettiic@sitemeter.com,990-109-1026,
662,dsothebyid,sIGmEF,Dyanne Sotheby,1986-02-09 12:13:14,F,,dsothebyid@huffingtonpost.com,580-447-2884,
663,kgarlandie,odZi0q3,Krystalle Garland,1991-12-14 04:03:48,M,,kgarlandie@craigslist.org,165-910-6083,
664,slindholmif,vrmlEc57D,Spike Lindholm,1977-06-01 01:51:18,F,,slindholmif@webmd.com,163-375-8451,
665,czapateroig,XdapAz7qm65,Cosme Zapatero,1968-10-31 21:23:28,M,,czapateroig@marriott.com,354-266-7391,
666,fsparryih,FIKJvmO8,Florrie Sparry,1971-08-10 13:40:45,F,,fsparryih@cpanel.net,458-695-2210,
667,frisbroughii,PNA7E8389,Frederick Risbrough,1993-01-09 16:21:53,M,,frisbroughii@princeton.edu,703-887-1399,
668,clandaij,VuBGMkqRc,Conchita Landa,1950-10-10 19:55:28,F,,clandaij@ifeng.com,941-657-8653,
669,mlattimoreik,VykAss,Mayne Lattimore,1998-05-14 01:35:26,M,,mlattimoreik@photobucket.com,547-219-9929,
670,bbrimfieldil,tkwqNug,Benyamin Brimfield,1951-01-25 12:35:37,M,,bbrimfieldil@wikimedia.org,386-624-3408,
671,gcolleltonim,fhnN2v,Gwenni Collelton,1994-07-07 10:55:27,F,,gcolleltonim@who.int,547-195-4745,
672,swateridgein,03AhHe,Seth Wateridge,2004-01-23 20:57:16,M,,swateridgein@mapy.cz,156-821-7145,
673,jgarraltsio,q0AWM7r,Jules Garralts,2004-02-04 19:42:03,F,,jgarraltsio@illinois.edu,969-851-4418,
674,gmetheringhamip,m9u6ptW,Garold Metheringham,1956-11-20 05:43:12,M,,gmetheringhamip@sfgate.com,480-277-0741,
675,lbaradeliq,yUDWMmHJ89,Lovell Baradel,2003-06-19 23:12:39,F,,lbaradeliq@uiuc.edu,352-539-1138,
676,snoniir,tszT8Qf1,Shoshana Noni,1996-03-01 02:00:42,F,,snoniir@mlb.com,523-886-1580,
677,lpooltonis,e5VnOE,Liz Poolton,1957-12-01 05:14:05,F,,lpooltonis@digg.com,946-454-8810,
678,tmoncasterit,VBt8WsO,Tildi Moncaster,2003-02-10 18:50:56,M,,tmoncasterit@nature.com,895-976-0501,
679,akerrodiu,kONaI4EEfzXz,Ave Kerrod,1981-06-10 00:07:21,M,,akerrodiu@flickr.com,752-561-9653,
680,gpischofiv,wyqyf7ccolw,Giuseppe Pischof,1951-10-03 18:23:55,F,,gpischofiv@arstechnica.com,881-163-8514,
681,tilchenkoiw,zDtZeURM8,Thaine Ilchenko,1993-12-21 08:47:16,M,,tilchenkoiw@fda.gov,806-900-9219,
682,mmanhoodix,NeIAEnFBHFj,Maurita Manhood,1989-12-16 02:24:19,M,,mmanhoodix@shop-pro.jp,947-258-8024,
683,cmarneyiy,1uwXLKTfM,Caril Marney,1995-05-24 09:14:00,M,,cmarneyiy@netvibes.com,167-418-9042,
684,djonssoniz,jFwyBo,Dick Jonsson,2007-12-22 19:43:45,F,,djonssoniz@hatena.ne.jp,784-825-9635,
685,fmcclintockj0,5OyS4Vd,Florentia McClintock,1952-01-14 14:35:13,M,,fmcclintockj0@google.co.jp,135-400-7996,
686,ihungerfordj1,vaWPPVXtw,Ilise Hungerford,1974-05-21 02:01:06,F,,ihungerfordj1@webmd.com,877-620-6046,
687,emccrillisj2,Kj4gSqqjAj,Emmet McCrillis,1955-06-15 12:04:00,F,,emccrillisj2@youku.com,466-824-6822,
688,dchengj3,2UdX5aaS0,Deena Cheng,1978-08-01 11:42:10,M,,dchengj3@ocn.ne.jp,627-212-2282,
689,mlarkj4,LBhgwSOLgKq8,Mirna Lark,1995-04-15 19:54:57,M,,mlarkj4@nature.com,819-891-1933,
690,aspittalj5,ytaRfFHo4,Anestassia Spittal,1968-09-27 18:25:57,M,,aspittalj5@issuu.com,326-293-9531,
691,ccastlemanj6,h4eGmG1EwLmh,Cecilia Castleman,1990-09-17 20:24:21,F,,ccastlemanj6@list-manage.com,884-762-6596,
692,rcoldrickj7,DevD6DMsNY,Robert Coldrick,1955-11-29 15:41:48,F,,rcoldrickj7@sakura.ne.jp,108-145-5874,
693,eeneverj8,raUHWJr,Evangelia Enever,1992-12-30 12:58:47,M,,eeneverj8@toplist.cz,546-155-3196,
694,jdunbarj9,7VywqwG,Jon Dunbar,2005-10-23 06:10:45,F,,jdunbarj9@epa.gov,934-826-1275,
695,brasellesja,tcdtolVx,Blithe Raselles,1957-07-14 23:37:51,M,,brasellesja@msu.edu,549-257-8144,
696,cmarvelleyjb,rsj2K5I,Carolann Marvelley,2001-07-17 10:43:24,M,,cmarvelleyjb@opensource.org,226-551-7625,
697,cnorthropjc,8Mfjh6Xx3,Carlyn Northrop,2001-08-06 14:21:13,F,,cnorthropjc@vkontakte.ru,565-639-3965,
698,wkinlockjd,R7mk6JFO,Winny Kinlock,1959-12-04 05:28:05,F,,wkinlockjd@tmall.com,347-102-1413,
699,dalejandroje,4qFebNGB,Darnall Alejandro,1963-06-03 09:15:52,M,,dalejandroje@cbslocal.com,259-273-2041,
700,esuggatejf,9OwNsta5aJB,Elsinore Suggate,1986-03-21 20:19:45,M,,esuggatejf@hexun.com,157-921-1672,
701,tconnellyjg,VJSznrz,Thorndike Connelly,1994-02-20 20:48:11,F,,tconnellyjg@gravatar.com,682-965-6059,
702,gclinesjh,YMNAxW3,Gerladina Clines,1983-01-16 03:41:51,F,,gclinesjh@yale.edu,470-981-8558,
703,nsidgwickji,1lG4SCz,Nathan Sidgwick,1998-03-21 02:42:34,F,,nsidgwickji@nih.gov,451-208-2321,
704,mkatzjj,pr4MDNGfseV,Marshal Katz,1955-03-20 18:02:26,F,,mkatzjj@cnbc.com,186-207-1680,
705,cpimlottjk,9YcqHpu4,Cedric Pimlott,1998-04-14 07:11:22,M,,cpimlottjk@uiuc.edu,832-892-3170,
706,twhanneljl,LjRC5VQSch7b,Toddy Whannel,2008-12-25 18:26:39,M,,twhanneljl@pcworld.com,707-539-8065,
707,frandalljm,WDwPAX,Freeman Randall,1967-09-08 08:01:47,M,,frandalljm@wiley.com,348-559-3609,
708,osellyjn,itJZzrM1,Oneida Selly,1997-06-27 23:03:00,F,,osellyjn@ezinearticles.com,782-382-7033,
709,lewartjo,lsAwd1DL3,Lefty Ewart,1952-04-20 14:24:24,F,,lewartjo@newyorker.com,111-583-0675,
710,bchippsjp,dq4Af9ug,Bondie Chipps,1976-06-14 06:15:27,M,,bchippsjp@technorati.com,644-850-7902,
711,vbriancejq,8a3SiJiJOE,Vikki Briance,1964-10-07 21:18:49,M,,vbriancejq@amazonaws.com,266-453-3968,
712,cbrugmannjr,T2SgC0,Cos Brugmann,1963-10-09 15:04:34,F,,cbrugmannjr@amazonaws.com,905-499-1514,
713,grickcordjs,U2aWNbKi,Goldy Rickcord,1964-01-02 06:58:23,F,,grickcordjs@about.me,713-311-1640,
714,gedgarjt,72q24zYQ,Garnet Edgar,1996-05-30 12:14:01,M,,gedgarjt@bizjournals.com,962-918-0560,
715,ehoulistonju,hu6gYechN,Earvin Houliston,2007-04-21 15:48:28,F,,ehoulistonju@woothemes.com,289-887-7610,
716,apellingtonjv,NhMvnn4w7z,Amalle Pellington,2005-07-04 20:38:01,M,,apellingtonjv@fema.gov,776-414-4919,
717,bduguidjw,JEt6SICIM,Babette Duguid,1996-04-07 07:30:27,M,,bduguidjw@webmd.com,953-967-8376,
718,rmeccojx,FllPUqS8WrWE,Royce Mecco,1953-08-24 05:27:58,F,,rmeccojx@moonfruit.com,298-993-3740,
719,awedderburnjy,mAesas,Alexi Wedderburn,1950-04-07 02:15:03,F,,awedderburnjy@comcast.net,202-580-8549,
720,gbrokenbrowjz,MBbCegCKU4u,Georgette Brokenbrow,1997-01-06 21:36:22,F,,gbrokenbrowjz@foxnews.com,356-974-2705,
721,nskehensk0,d5sHg1,Nanine Skehens,1967-05-30 23:57:21,F,,nskehensk0@huffingtonpost.com,131-820-8462,
722,sflawnk1,Erlgzw0GvV,Stevy Flawn,1974-10-08 02:16:56,M,,sflawnk1@wsj.com,493-283-0694,
723,yheselwoodk2,uuJqHX,Yorker Heselwood,1985-08-21 02:42:51,M,,yheselwoodk2@oracle.com,946-784-6282,
724,bbiasik3,Pnhe9DFJi,Bernardine Biasi,2000-02-16 01:32:25,F,,bbiasik3@cmu.edu,522-451-4593,
725,awysomek4,QVkKnz4vd0a,Alexina Wysome,1967-06-28 22:25:12,M,,awysomek4@edublogs.org,375-800-7015,
726,tjobernek5,aFvPd6PME,Torre Joberne,1999-07-03 15:23:09,F,,tjobernek5@blogspot.com,616-710-9902,
727,ggooderridgek6,Q1T3Ued,Gretel Gooderridge,1963-04-09 20:56:44,F,,ggooderridgek6@independent.co.uk,211-858-4529,
728,bmackk7,89pdZKxK,Bethanne Mack,1950-07-05 01:02:06,F,,bmackk7@last.fm,488-460-5671,
729,aantatk8,2irUypnP3,Augustine Antat,1974-02-02 19:00:52,M,,aantatk8@apple.com,540-401-9945,
730,ajendrichk9,M3Xur2kFmZ,Ashia Jendrich,1972-01-10 09:49:12,F,,ajendrichk9@tiny.cc,422-899-9570,
731,jdyneleyka,DzLDDDP,Jakie Dyneley,1963-12-07 06:54:21,F,,jdyneleyka@toplist.cz,778-302-2833,
732,adoumenckb,L736lKw,Ameline Doumenc,1982-04-21 21:51:28,F,,adoumenckb@examiner.com,939-163-2760,
733,aelankc,tgvVxhKI,Arabella Elan,1971-12-08 19:42:05,F,,aelankc@stanford.edu,851-656-6400,
734,rmcgingkd,xIw1iZS,Reade McGing,2000-11-03 06:27:19,M,,rmcgingkd@wired.com,111-854-2857,
735,lseniourke,4RTthuRmmfjH,Laurella Seniour,1983-03-08 07:37:27,M,,lseniourke@goo.gl,905-771-7467,
736,tbrooksbykf,Fw9gPatbmS,Thatch Brooksby,1994-09-08 03:45:47,F,,tbrooksbykf@bluehost.com,760-609-8580,
737,hfoxworthykg,J6JRIm,Hedvige Foxworthy,1951-12-16 08:25:39,F,,hfoxworthykg@tamu.edu,456-740-6164,
738,tdafterkh,TowPHqetL,Tiena Dafter,1965-10-19 23:15:14,M,,tdafterkh@cdbaby.com,318-187-0773,
739,rpayzeki,emFDMwaD,Rici Payze,1983-02-22 05:26:00,M,,rpayzeki@wufoo.com,145-256-4917,
740,pdekj,7WJMgOue,Palmer De Simone,1963-10-28 15:17:08,F,,pdekj@reddit.com,501-996-3802,
741,cseegarkk,WROffL40Vp,Caressa Seegar,1991-04-12 15:37:24,F,,cseegarkk@1und1.de,771-169-7088,
742,mmytonkl,7kXYdBeKKq,Myrah Myton,1964-07-19 06:52:42,M,,mmytonkl@spiegel.de,927-633-2720,
743,cmencokm,boAA8a6,Corrina Menco,1967-03-09 20:34:23,F,,cmencokm@shop-pro.jp,755-584-7429,
744,rbabidgekn,eDR6rxOBdKm,Rebecca Babidge,2005-04-06 11:59:50,M,,rbabidgekn@histats.com,503-262-0841,
745,koubridgeko,1nDv8VOvfzS,Kennett Oubridge,1980-06-19 22:17:58,F,,koubridgeko@who.int,395-198-2224,
746,akiliuskp,qNFQJ6Jc3,Alex Kilius,1978-01-16 09:12:39,F,,akiliuskp@dropbox.com,266-588-9492,
747,fclaragekq,xDqfxDzws,Freida Clarage,2002-03-23 08:10:01,M,,fclaragekq@reverbnation.com,568-185-6852,
748,rwiffenkr,7NRF2od,Reg Wiffen,1976-10-05 14:53:08,F,,rwiffenkr@livejournal.com,223-284-4309,
749,carchbaldks,de338huUDp,Chick Archbald,1999-09-26 01:20:37,M,,carchbaldks@chron.com,388-532-7118,
750,uheindlkt,eBxZDLj,Ursa Heindl,1953-05-31 05:30:33,M,,uheindlkt@naver.com,725-906-9897,
751,iorourkeku,J2362qqZ2BC,Irwinn O'Rourke,1990-09-27 10:36:24,F,,iorourkeku@slideshare.net,588-322-1615,
752,ebalfkv,WBiaAKRRA,Ezechiel Balf,2006-10-21 05:49:55,F,,ebalfkv@usgs.gov,465-732-7616,
753,mteerskw,gpX1kBu4WIO,Merralee Teers,1974-12-04 23:05:41,M,,mteerskw@mashable.com,158-651-5659,
754,sdekx,FWvQBR,Sibyl de Villier,1963-12-23 18:40:23,F,,sdekx@businesswire.com,670-124-5749,
755,qligertwoodky,XUsyEWPBxTy,Quinn Ligertwood,2004-05-13 10:04:27,F,,qligertwoodky@google.nl,353-217-3885,
756,lchealeskz,xt4ODP2,Lorin Cheales,1986-05-14 02:19:46,F,,lchealeskz@thetimes.co.uk,620-931-2346,
757,mgreenroadl0,ctPD9l,Marcille Greenroad,1983-11-15 16:48:38,F,,mgreenroadl0@unblog.fr,841-254-3455,
758,eluxtonl1,9U9paQO,Emmery Luxton,2007-07-15 06:09:26,F,,eluxtonl1@etsy.com,596-121-8425,
759,bchecol2,nKtrw8D,Beniamino Checo,1964-11-30 02:04:16,M,,bchecol2@ustream.tv,149-817-2457,
760,cmompessonl3,1cZbtJ5a2UAv,Corney Mompesson,2002-03-28 21:00:15,M,,cmompessonl3@netvibes.com,884-426-6051,
761,mbracerl4,5zBbCSQM,Mufinella Bracer,1954-11-17 18:42:24,F,,mbracerl4@admin.ch,562-600-0486,
762,nseegerl5,MGLPpR4d15t,Natividad Seeger,1988-01-21 07:35:31,M,,nseegerl5@columbia.edu,139-363-5298,
763,bpettiforl6,oeooTgf1jEH,Beret Pettifor,2009-05-04 21:52:47,M,,bpettiforl6@mozilla.org,131-329-6273,
764,ltregensoel7,YO8WKCXa,Lorita Tregensoe,1987-07-29 10:01:05,M,,ltregensoel7@cdbaby.com,176-255-6025,
765,bcarnelll8,nNIeCEIgb,Bastien Carnell,1960-03-05 01:01:52,M,,bcarnelll8@privacy.gov.au,712-746-3861,
766,hhuntingl9,PhrexRSuluxT,Hunter Hunting,1956-05-04 14:11:16,M,,hhuntingl9@stanford.edu,473-800-3289,
767,itipladyla,1OTRvxd,Isador Tiplady,1981-11-20 19:01:47,M,,itipladyla@irs.gov,428-701-3165,
768,gpetitlb,hTOOYWBN,Giorgi Petit,1980-04-09 16:53:33,M,,gpetitlb@macromedia.com,344-640-4032,
769,jwodelandlc,l3ENm8Mjea9,Jens Wodeland,1968-10-20 14:25:02,M,,jwodelandlc@networksolutions.com,397-870-9345,
770,fold,F5YC6j,Ferdie O' Ronan,2006-03-08 22:10:44,F,,fold@google.es,516-706-7824,
771,elampkele,GWL4UKn,Evanne Lampke,1969-01-21 10:44:35,F,,elampkele@php.net,847-445-1210,
772,wselwaylf,C3nUdF8Pb5eI,Wade Selway,1977-07-26 10:46:07,F,,wselwaylf@yellowbook.com,980-496-6277,
773,theffordlg,Ewqk5g4Qsn,Todd Hefford,1964-11-21 18:13:14,M,,theffordlg@fotki.com,242-820-0583,
774,wmapstonelh,m4VmRZR,Waly Mapstone,1988-02-19 00:49:39,M,,wmapstonelh@angelfire.com,389-248-7955,
775,bschukraftli,JoC0Fw4UU,Brent Schukraft,1972-12-31 17:24:37,M,,bschukraftli@tripod.com,280-307-1592,
776,cklessmannlj,RtHvi4U3y8,Cart Klessmann,1956-10-01 15:32:15,F,,cklessmannlj@google.ru,169-856-7183,
777,lhowlinlk,LJFVWMZQpgwy,Letta Howlin,1989-04-05 03:37:33,M,,lhowlinlk@ft.com,440-709-6254,
778,sbraisherll,HLHh0qvy3Us,Sunny Braisher,1957-11-01 03:19:59,F,,sbraisherll@blogtalkradio.com,771-647-0087,
779,lwherrylm,uCjWr2oEwZ,Lin Wherry,1986-06-05 07:19:25,M,,lwherrylm@com.com,373-212-0615,
780,bdalliwaterln,SQJ9kJ,Bea Dalliwater,2007-01-12 16:59:37,M,,bdalliwaterln@patch.com,629-756-5010,
781,vpalatinolo,Hb9PmZ3k,Valenka Palatino,2007-02-10 01:45:27,F,,vpalatinolo@sogou.com,875-785-1649,
782,hgrzeszczyklp,waYBbR0p36Q,Horten Grzeszczyk,2008-07-06 00:02:45,F,,hgrzeszczyklp@ifeng.com,108-422-0784,
783,rcastelotlq,IknYUa50s17x,Ransell Castelot,1979-12-17 19:15:02,M,,rcastelotlq@symantec.com,210-494-8876,
784,rblockwelllr,sd88inhpZ,Rora Blockwell,1963-11-11 15:09:31,F,,rblockwelllr@home.pl,773-694-5223,
785,cathelstanls,EoFqybxa,Celestyna Athelstan,1961-11-06 05:14:34,M,,cathelstanls@ox.ac.uk,938-568-2649,
786,dcaddocklt,KeijzKFoD,Darrel Caddock,1981-07-01 05:59:10,M,,dcaddocklt@pen.io,338-988-7563,
787,spattinsonlu,VbJZvkeO,Sandye Pattinson,1989-02-27 23:44:30,M,,spattinsonlu@desdev.cn,653-891-5628,
788,cwhitneylv,v1PQa9w3W,Charline Whitney,2008-11-19 16:22:21,F,,cwhitneylv@omniture.com,456-781-8535,
789,kalentyevlw,6jU31Fn62QbG,Keven Alentyev,1969-02-24 04:28:57,M,,kalentyevlw@go.com,829-846-8667,
790,agadaultlx,2i4t5gR7jV3Q,Alvis Gadault,2007-05-28 16:58:30,F,,agadaultlx@wikia.com,125-594-7069,
791,mbeckworthly,maG07G2KM,Minna Beckworth,1953-08-10 23:02:08,M,,mbeckworthly@dagondesign.com,552-385-0848,
792,etaborrelz,GSRVHfZ,Eden Taborre,1950-07-27 16:48:40,F,,etaborrelz@networksolutions.com,195-557-6243,
793,cmedcalfem0,R3QTrC4tYQ8,Cart Medcalfe,1966-12-18 09:22:19,M,,cmedcalfem0@sakura.ne.jp,712-454-0854,
794,awillingalem1,gD3X4IoLaFpY,Astrid Willingale,1958-02-26 02:03:37,M,,awillingalem1@vinaora.com,291-305-3110,
795,kbraamm2,IME0LDxp3,Kain Braam,1966-12-26 13:16:40,M,,kbraamm2@domainmarket.com,484-710-7201,
796,jyouelm3,8zAQW4BkLP,Joelly Youel,1983-06-27 23:54:28,F,,jyouelm3@cbslocal.com,304-774-3372,
797,hdakinm4,bzrwAfQEG,Hatti Dakin,1970-05-10 14:12:53,F,,hdakinm4@ameblo.jp,193-886-6196,
798,tburnsidem5,vKh0cQVRyh,Tremayne Burnside,1999-04-03 07:32:53,M,,tburnsidem5@shinystat.com,765-596-6797,
799,ibrockmanm6,TnT4KNqS,Isidor Brockman,1984-07-06 04:25:23,F,,ibrockmanm6@amazon.de,813-792-0191,
800,wreignouldm7,oTKoXw,Win Reignould,1950-12-02 14:13:55,M,,wreignouldm7@marriott.com,785-762-7571,
801,ainsolem8,K5QwSDmfGWX,Agnese Insole,1960-01-14 18:25:05,M,,ainsolem8@yolasite.com,966-461-4819,
802,hbessentm9,cvj3RH59uHv,Hew Bessent,1975-01-25 03:49:32,F,,hbessentm9@shareasale.com,607-899-4645,
803,sballchinma,Hr2uvPMPUCef,Stavro Ballchin,1967-06-30 03:39:06,M,,sballchinma@wikia.com,929-828-4331,
804,rwyrallmb,slSZyHy,Romain Wyrall,1986-02-04 07:25:33,F,,rwyrallmb@github.com,330-420-5381,
805,jakastmc,o0FjjabLviJ,Justen Akast,2009-04-11 05:39:05,F,,jakastmc@tiny.cc,350-566-4664,
806,kpluckmd,9A2sImxCO,Kearney Pluck,1971-08-02 14:12:38,F,,kpluckmd@weibo.com,326-800-5374,
807,wbinnallme,ZZzZ6Q,Willie Binnall,1983-07-12 23:23:17,M,,wbinnallme@wordpress.org,674-342-9724,
808,tcaghymf,pWn6k7yaz,Tucker Caghy,1980-02-04 15:56:44,M,,tcaghymf@networkadvertising.org,461-567-1845,
809,asesonsmg,CtCifHu,Abbot Sesons,1982-11-12 16:07:04,M,,asesonsmg@wix.com,232-825-8652,
810,jgladbeckmh,3JbIrU8,Jean Gladbeck,1978-01-17 11:24:33,M,,jgladbeckmh@seattletimes.com,196-244-3767,
811,fivanovmi,5VwKByO,Floris Ivanov,2007-08-18 23:06:28,F,,fivanovmi@cbslocal.com,484-255-4361,
812,fblitzmj,CKwhMS3lWKM,Fanechka Blitz,1973-07-21 10:30:13,M,,fblitzmj@hhs.gov,698-156-8730,
813,kknappemk,yvsk2m4sqVR,Kirsteni Knappe,1986-11-29 00:28:28,M,,kknappemk@wisc.edu,658-560-5132,
814,ciannielloml,Dy0Jm4aQmDN,Clementina Ianniello,2008-01-17 08:58:46,M,,ciannielloml@cornell.edu,233-338-5342,
815,gdurnellmm,nAhCjF,Gladi Durnell,1978-09-28 07:18:49,F,,gdurnellmm@biglobe.ne.jp,353-533-8680,
816,adanceymn,eAFYNAORkCC,Ange Dancey,1951-08-20 23:07:52,M,,adanceymn@trellian.com,451-507-6285,
817,fibbettmo,EJLCHOZml,Fons Ibbett,1967-12-22 15:57:01,M,,fibbettmo@java.com,821-539-9457,
818,flintallmp,u4wA7uw6,Fransisco Lintall,2004-09-18 04:42:22,M,,flintallmp@hexun.com,153-848-3403,
819,bkynanmq,Xnhav39,Berna Kynan,1970-01-28 03:15:12,F,,bkynanmq@paypal.com,376-903-1625,
820,arichardtmr,hyUNr48,Arman Richardt,1953-04-20 23:35:06,M,,arichardtmr@globo.com,551-415-0400,
821,nmcartms,pRQ6kp,Nial McArt,1950-08-31 11:35:31,F,,nmcartms@infoseek.co.jp,100-647-9363,
822,jsinnettmt,1TLnw1fg7g,Jilly Sinnett,1965-03-24 17:57:52,F,,jsinnettmt@chronoengine.com,499-383-3719,
823,meatemu,L2MuFSC,Max Eate,2007-05-12 07:15:49,F,,meatemu@marriott.com,144-942-5634,
824,jlingwoodmv,aoDk9mV,Jobina Lingwood,2001-03-06 05:25:03,F,,jlingwoodmv@discovery.com,756-314-9963,
825,rdietonmw,7Uhci4Ne,Ringo Dieton,1976-07-07 13:46:43,F,,rdietonmw@fotki.com,748-314-8976,
826,kwheelwrightmx,dkz7kvH,Kristel Wheelwright,2004-03-18 16:55:53,M,,kwheelwrightmx@wix.com,592-679-0149,
827,kszachmy,5wdO5jDPPy,Kikelia Szach,1951-10-04 09:11:46,M,,kszachmy@state.tx.us,925-653-5206,
828,astrainmz,ZRfAZXdu,Augy Strain,2003-06-20 00:11:17,M,,astrainmz@fc2.com,646-577-1392,
829,ifessbyn0,fUgbgd,Isacco Fessby,1986-05-12 13:21:57,M,,ifessbyn0@baidu.com,538-377-1186,
830,cmoughtonn1,QtBia35UY,Christiane Moughton,1996-02-04 21:32:30,F,,cmoughtonn1@merriam-webster.com,962-948-7818,
831,gturfittn2,5X3XDH,Gustie Turfitt,1964-03-11 21:45:19,F,,gturfittn2@google.com.hk,661-751-9337,
832,rangelin3,QCL0FKqKo9,Robb Angeli,1958-03-11 06:55:08,F,,rangelin3@seattletimes.com,305-188-0380,
833,dfendleyn4,L87bcovSgCoO,Dorree Fendley,1995-05-11 15:27:29,M,,dfendleyn4@soup.io,464-807-7017,
834,karchn5,2x1JJQFO,Katerina Arch,1955-12-26 07:35:34,F,,karchn5@de.vu,241-532-2668,
835,ajacquemotn6,P5Ita7aOAm,Angy Jacquemot,1965-09-17 07:18:30,M,,ajacquemotn6@toplist.cz,498-440-9865,
836,ngiacomellin7,07oKJ6qf,Nat Giacomelli,1987-07-10 21:26:47,F,,ngiacomellin7@europa.eu,499-365-8851,
837,cwaindn8,dW704b7o,Chryste Waind,1955-03-10 19:13:41,F,,cwaindn8@vkontakte.ru,354-457-6533,
838,lcogginn9,qFNSQss6,Lorettalorna Coggin,1992-03-17 15:46:40,F,,lcogginn9@samsung.com,850-587-7512,
839,mduckitna,flxPNSDheb,Mirna Duckit,1976-06-17 00:07:27,F,,mduckitna@bbc.co.uk,763-734-4037,
840,lboldranb,Dodzsp,Leticia Boldra,1971-08-03 22:45:55,F,,lboldranb@fastcompany.com,435-650-7772,
841,lkellewaync,pgsNevd1Qsw,Lotte Kelleway,1963-12-13 00:18:19,M,,lkellewaync@canalblog.com,538-821-3487,
842,zmccrannnd,vz58uIJjIog,Zilvia McCrann,1959-01-29 03:49:47,F,,zmccrannnd@bloglovin.com,390-236-3725,
843,smazziane,C9l4Q35Ge0,Silvia Mazzia,1998-12-03 18:46:00,F,,smazziane@indiegogo.com,609-582-3436,
844,cbuddocknf,uFqWE8BJpM,Colin Buddock,1986-08-06 09:07:53,M,,cbuddocknf@ifeng.com,427-487-0567,
845,sraspng,5GDSATv,Sutton Rasp,2007-07-12 09:40:15,M,,sraspng@amazonaws.com,163-121-8163,
846,fwhellamsnh,4zKbYCmE9qY,Fredric Whellams,1959-11-06 23:11:41,M,,fwhellamsnh@moonfruit.com,284-778-9035,
847,cocodihieni,LxmJ4J2m,Crystie O'Codihie,1965-10-07 04:32:46,M,,cocodihieni@fda.gov,660-383-2297,
848,igilpillannj,nfUt6P,Ingamar Gilpillan,1994-07-13 16:37:33,F,,igilpillannj@ox.ac.uk,778-874-3043,
849,smacnk,9sfVxWsZy,Suzi Mac,1957-03-30 01:45:38,M,,smacnk@columbia.edu,468-112-5026,
850,ekeenernl,ELwMDqc,Eugenio Keener,1974-12-19 23:32:52,M,,ekeenernl@phpbb.com,992-415-2078,
851,vmcalindennm,ysqKhmK8Pl6i,Vincenty McAlinden,1982-06-30 19:58:13,F,,vmcalindennm@webeden.co.uk,367-634-2339,
852,mcremernn,MCIwcQdT2,Marylin Cremer,1968-06-28 08:08:41,M,,mcremernn@google.es,371-235-4068,
853,acreadyno,ypC9Jtb,Andree Cready,1992-09-28 23:51:34,M,,acreadyno@imdb.com,821-308-2108,
854,apurkinsnp,avVZlQpw,Annalise Purkins,1982-09-09 08:14:11,M,,apurkinsnp@hp.com,886-884-8457,
855,jjiruchnq,sSwaC5IggrU,Juline Jiruch,1953-04-24 23:01:30,F,,jjiruchnq@edublogs.org,900-119-3554,
856,dlaviellenr,YZGtDFkyRkX,Dasha Lavielle,1988-12-30 18:37:09,F,,dlaviellenr@adobe.com,580-971-5294,
857,dpopeleyns,QdaBSPXQ8l,Dulcinea Popeley,1993-10-23 23:03:24,F,,dpopeleyns@sciencedirect.com,778-308-4807,
858,cwychent,J9AQiVy,Correna Wyche,2003-11-11 16:21:57,F,,cwychent@dedecms.com,503-213-9791,
859,kbradernu,PPEO40,Kally Brader,1984-11-03 13:58:10,M,,kbradernu@jugem.jp,239-374-0037,
860,tpuvenv,rA1dMNmD,Tarah Puve,1986-04-17 12:48:52,F,,tpuvenv@github.com,772-575-9505,
861,ckohnertnw,Hxv6XoBg,Chadwick Kohnert,1972-02-15 04:22:18,F,,ckohnertnw@cdbaby.com,197-402-3375,
862,snutleynx,PhGVEHTtT8R,Susannah Nutley,1989-06-21 05:25:11,M,,snutleynx@cnn.com,351-309-2584,
863,dshermarny,Y08McxeJJ,Dusty Shermar,2007-08-14 18:38:42,M,,dshermarny@accuweather.com,863-503-9789,
864,jboytonnz,EVXDKM6Nj8,Jose Boyton,1971-12-25 13:06:21,F,,jboytonnz@house.gov,137-357-6006,
865,ktrevaskisso0,ha8hlK4vHCx,Kingsley Trevaskiss,1962-08-03 21:47:58,M,,ktrevaskisso0@marketwatch.com,471-891-7681,
866,gkillbeyo1,owrl71iYfk,Garwood Killbey,1973-12-09 05:10:25,M,,gkillbeyo1@uiuc.edu,897-923-4936,
867,dlaxeo2,AGvTn9d,Doloritas Laxe,1959-11-10 17:23:08,M,,dlaxeo2@ox.ac.uk,619-518-0204,
868,mhughillo3,ez47MntLFYm,Moss Hughill,1990-01-06 04:57:56,M,,mhughillo3@mail.ru,309-408-1663,
869,ocadwaladro4,ZznMHIj,Owen Cadwaladr,1951-07-29 23:49:10,M,,ocadwaladro4@un.org,646-512-0455,
870,yhodgetso5,V3uG7C9wm,Yulma Hodgets,1978-11-05 16:30:53,M,,yhodgetso5@sciencedirect.com,667-131-2697,
871,dmiddleweeko6,LtIWVjhpg,Darline Middleweek,1963-12-05 22:17:17,M,,dmiddleweeko6@merriam-webster.com,897-162-4145,
872,cgrouseo7,R96DKtIhU5M,Cristian Grouse,1997-08-21 21:26:09,M,,cgrouseo7@usgs.gov,914-695-8792,
873,dspadonio8,u69Ea6ln,Donall Spadoni,1974-06-02 03:56:10,F,,dspadonio8@intel.com,817-937-8800,
874,icanto9,gYE95NeiQh,Issiah Cant,2003-05-10 09:32:19,F,,icanto9@auda.org.au,137-359-4599,
875,gstedmanoa,HaYOWP5NOA,Garwin Stedman,1964-06-29 23:03:13,F,,gstedmanoa@columbia.edu,618-559-4012,
876,uburleob,jNMPEhJp,Ulberto Burle,1994-08-23 14:39:10,F,,uburleob@dedecms.com,626-168-6475,
877,mucoc,3LmUmbvFpWQS,Miquela Uc,1986-10-21 03:31:27,F,,mucoc@wikispaces.com,740-969-0193,
878,wfawkesod,Xa3SUx,Wallie Fawkes,1997-04-21 21:23:25,F,,wfawkesod@about.me,322-770-9028,
879,yfawkeoe,88Nkrq2oZG5k,Yankee Fawke,1991-07-14 19:32:51,M,,yfawkeoe@tmall.com,557-337-6070,
880,thowsinof,ENw7p7IUw,Thomasa Howsin,1962-05-26 00:15:17,M,,thowsinof@istockphoto.com,891-458-9141,
881,kworhamog,yfPg9fbf,Kyrstin Worham,1952-08-17 20:40:47,M,,kworhamog@admin.ch,394-512-2561,
882,wscoleoh,Hd6Y1bix4,Woodrow Scole,1998-05-30 05:10:40,F,,wscoleoh@globo.com,908-578-7502,
883,vdukeoi,TDQlUy,Viole Duke,1993-05-03 07:00:00,M,,vdukeoi@storify.com,401-976-2718,
884,jbridgwateroj,pMVRO3VUjNb,Jozef Bridgwater,1953-09-19 01:49:56,F,,jbridgwateroj@gnu.org,867-463-5187,
885,kspadottook,2JrV9ek,Kyle Spadotto,1995-12-05 19:38:35,F,,kspadottook@buzzfeed.com,644-552-4291,
886,gsimysonol,zG2djQ,Gussi Simyson,1981-04-21 20:09:59,M,,gsimysonol@biblegateway.com,274-338-0844,
887,apietzom,2U38zrnm,Annmaria Pietz,2001-12-24 04:09:11,M,,apietzom@uiuc.edu,241-297-5963,
888,wmarchamon,frezORBirx,Wesley Marcham,1971-11-16 09:17:19,M,,wmarchamon@xinhuanet.com,303-733-7254,
889,rodyvoyoo,nx3EYwgzkxu,Robbyn O'Dyvoy,2006-05-09 03:13:51,F,,rodyvoyoo@usda.gov,265-854-1120,
890,jrichieop,zLuUTUWCiwW,Jdavie Richie,1990-03-07 18:28:03,M,,jrichieop@joomla.org,882-921-5460,
891,jfitzhenryoq,JutPye,Joleen Fitzhenry,1970-01-25 07:49:07,F,,jfitzhenryoq@npr.org,689-717-1983,
892,hforceor,P4RcY5NiY,Hadleigh Force,1964-05-31 13:17:42,M,,hforceor@hubpages.com,472-906-5787,
893,kpinchos,rCB0KJ84tKL4,Korrie Pinch,2004-07-10 19:41:35,M,,kpinchos@i2i.jp,299-774-1703,
894,tfencottot,veomFkyOM,Tracy Fencott,1990-08-25 17:06:13,F,,tfencottot@ifeng.com,435-212-4178,
895,dcrustou,S2t2XHLFPGWM,Dulci Crust,1974-10-22 04:25:20,M,,dcrustou@smh.com.au,751-621-3728,
896,cgwilliamov,dKz9axv4cG,Cornall Gwilliam,1970-02-03 09:36:00,F,,cgwilliamov@fastcompany.com,188-975-9821,
897,swynettow,qZ4Xkc50kINg,Simone Wynett,1973-02-08 21:48:10,M,,swynettow@surveymonkey.com,629-325-3306,
898,ssumnerox,90qqXcDSyRz,Seamus Sumner,1953-12-19 13:43:31,M,,ssumnerox@chronoengine.com,267-155-5061,
899,jjephcottoy,YDOx467nd,Jenda Jephcott,1971-10-23 05:19:25,F,,jjephcottoy@google.it,220-763-7028,
900,mfeaveroz,Ujmd8sf,Maurita Feaver,1954-08-02 15:01:43,F,,mfeaveroz@arstechnica.com,868-965-1892,
901,emowdayp0,Qlf7Xf8vf,Evelyn Mowday,1983-07-22 01:00:21,F,,emowdayp0@fda.gov,126-365-7073,
902,abaumerp1,Ahswdlk,Anthia Baumer,2003-08-15 21:47:47,M,,abaumerp1@shutterfly.com,586-319-3615,
903,dsimesterp2,VBHiGWnzY,Demetre Simester,1984-03-31 04:16:08,M,,dsimesterp2@narod.ru,384-164-7314,
904,mberranep3,PpgRXU37,Mellicent Berrane,1978-09-05 18:58:19,M,,mberranep3@deviantart.com,699-181-7513,
905,khedauxp4,LFR7THvRiOn,Keefer Hedaux,1961-05-13 17:18:46,M,,khedauxp4@forbes.com,918-812-5232,
906,fbenittip5,gPewEYBqTI1,Fabien Benitti,2004-09-06 19:04:14,F,,fbenittip5@cnn.com,802-426-3903,
907,dgrievesp6,Q0zs6Fh9PGfG,Darius Grieves,1975-09-28 03:03:39,F,,dgrievesp6@tripod.com,167-374-4425,
908,nfavillp7,89SiTCqii,Niall Favill,1986-07-07 03:45:13,F,,nfavillp7@unicef.org,963-712-7910,
909,cbrideauxp8,DO52hZ,Cristiano Brideaux,1965-11-19 04:45:46,M,,cbrideauxp8@weibo.com,945-810-1346,
910,tsarfassp9,4Jyb0N9ALb4,Thaddeus Sarfass,1959-11-17 14:33:35,M,,tsarfassp9@spiegel.de,347-753-6383,
911,galanspa,l49zBd,Genny Alans,1980-05-06 09:04:09,F,,galanspa@hud.gov,451-804-2417,
912,rwhaymandpb,d5ww628d8j,Raphael Whaymand,1987-06-17 23:17:49,M,,rwhaymandpb@home.pl,615-817-8976,
913,tkeigpc,kf68t9mZhfKR,Tades Keig,1998-06-03 18:41:48,F,,tkeigpc@edublogs.org,481-731-1221,
914,jbartolomeupd,vNYeiiJ0H,Jeffy Bartolomeu,1979-12-23 04:07:06,M,,jbartolomeupd@fotki.com,777-149-1271,
915,rstpe,qP635TA32rd,Rusty St. Ledger,1994-10-19 06:45:47,M,,rstpe@opensource.org,995-809-9926,
916,usharphurstpf,Q2Bb2oQp,Urban Sharphurst,2002-07-28 12:56:32,M,,usharphurstpf@so-net.ne.jp,353-395-0119,
917,bstidworthypg,pmdQvy,Beret Stidworthy,1967-01-17 04:29:44,M,,bstidworthypg@elegantthemes.com,437-627-9855,
918,dlindborgph,sdTxVGYR,Dianna Lindborg,1981-01-20 18:17:52,M,,dlindborgph@livejournal.com,172-891-7151,
919,apackhampi,q1rf7mlg2Bk,Amalia Packham,1998-12-23 14:07:14,F,,apackhampi@seesaa.net,407-498-5594,
920,jlaurentpj,qhj3MKr,Jackelyn Laurent,1957-08-24 17:46:55,M,,jlaurentpj@sina.com.cn,332-595-2837,
921,aagguspk,Hnhuxi,Adaline Aggus,1956-01-10 19:39:37,F,,aagguspk@state.tx.us,534-321-4206,
922,delbypl,OmkUqwYY,Daron Elby,1955-05-12 23:27:01,M,,delbypl@networkadvertising.org,628-984-3509,
923,bpirellipm,7xEUDdjYHsg,Bonnee Pirelli,2000-09-21 19:57:46,F,,bpirellipm@senate.gov,981-302-5178,
924,fmccolepn,MSXbNM,Fidela McCole,1970-07-31 04:09:14,M,,fmccolepn@census.gov,265-876-5063,
925,cmaccourtpo,0WCHM0MsE,Cullin MacCourt,1979-11-17 04:36:31,F,,cmaccourtpo@diigo.com,925-597-3643,
926,smcronaldpp,9kU2QfsSZ,Steffi McRonald,1979-02-09 13:58:34,F,,smcronaldpp@cbsnews.com,423-931-1973,
927,rtomkowiczpq,qgzGk41,Randell Tomkowicz,1989-11-04 14:27:43,M,,rtomkowiczpq@wisc.edu,132-333-4393,
928,mragatepr,vdELp3,Merry Ragate,1974-12-09 20:53:29,M,,mragatepr@time.com,973-843-1961,
929,gcollingsps,tI0Irrei,Gilbertina Collings,1959-06-06 21:40:26,M,,gcollingsps@over-blog.com,219-805-5546,
930,pdebowpt,FIxDTq,Peria Debow,1952-02-05 02:15:52,M,,pdebowpt@intel.com,142-162-2055,
931,mstrotherspu,TjDXUYYnfG9G,Marlene Strothers,1994-09-25 20:32:14,M,,mstrotherspu@mac.com,253-692-8678,
932,pgeytonpv,KTVhHE8sY2Ll,Pauline Geyton,1968-05-24 07:49:40,M,,pgeytonpv@unicef.org,287-535-8729,
933,rrosenbargpw,LxKt1D2,Rori Rosenbarg,1981-07-20 11:19:36,F,,rrosenbargpw@independent.co.uk,835-630-0066,
934,epovallpx,PZoNPQKr,Edwin Povall,1952-04-19 19:28:01,F,,epovallpx@yandex.ru,894-995-2038,
935,mhazeltinepy,BNZIXgx,Martguerita Hazeltine,1962-01-12 03:51:30,F,,mhazeltinepy@discuz.net,999-752-1085,
936,prawlencepz,KalB8O9,Pauletta Rawlence,1992-04-26 07:20:42,F,,prawlencepz@yahoo.com,682-202-9029,
937,vgarbuttq0,awealv,Val Garbutt,1953-10-14 08:49:20,M,,vgarbuttq0@bluehost.com,624-690-4560,
938,mvanq1,dpbkTAITxtx,Marj Van Hault,1974-05-13 11:12:47,F,,mvanq1@parallels.com,862-104-0330,
939,fmccauleyq2,3Act1fNuLF,Ferris McCauley,1963-11-05 19:25:22,M,,fmccauleyq2@booking.com,725-431-6982,
940,hgoundryq3,tXsRbaMunmnn,Hope Goundry,1997-05-15 01:15:41,F,,hgoundryq3@cyberchimps.com,616-980-9608,
941,kcogleyq4,UB54mXkb,Karlyn Cogley,1989-05-20 12:13:54,M,,kcogleyq4@yelp.com,961-152-8594,
942,hhunstoneq5,Apd9nBG10cCJ,Hortensia Hunstone,1988-05-10 07:26:50,M,,hhunstoneq5@furl.net,895-570-2322,
943,lloyq6,lN0JGWgwSss,Levy Loy,2007-09-24 05:20:13,M,,lloyq6@ning.com,219-636-3286,
944,jgohierq7,E3uDro,Jan Gohier,1976-03-16 11:58:52,M,,jgohierq7@cargocollective.com,471-220-8186,
945,llangstoneq8,noVacWd6J,Linell Langstone,1959-04-05 20:28:34,M,,llangstoneq8@about.me,998-778-0549,
946,wwindleq9,nYuQeuDeduxR,Wainwright Windle,1989-09-14 20:10:25,M,,wwindleq9@ucoz.ru,420-314-6866,
947,uguittonqa,2ksWeZD,Urson Guitton,1956-02-10 04:35:18,M,,uguittonqa@go.com,430-115-0716,
948,mantoniakqb,JYopHlwTPm,Mariya Antoniak,2007-02-19 08:37:59,M,,mantoniakqb@irs.gov,309-746-2897,
949,hjorezqc,xV1MRWC,Hayyim Jorez,1996-09-23 07:28:09,F,,hjorezqc@deliciousdays.com,640-251-7345,
950,dbrimleyqd,adfdpfHZxc1,Des Brimley,1972-12-30 02:47:49,F,,dbrimleyqd@examiner.com,942-746-6678,
951,cpurserqe,ThVqSFvVXjL,Cesar Purser,1984-06-05 07:22:15,M,,cpurserqe@usda.gov,449-402-0314,
952,ekahaneqf,DXXwODWPl,Eldon Kahane,1973-01-27 21:39:04,M,,ekahaneqf@adobe.com,643-868-2744,
953,tgrubbqg,ndjnpXa,Trisha Grubb,1970-05-05 16:48:22,F,,tgrubbqg@yellowpages.com,319-828-4540,
954,eskeyqh,w0YiaHv,Edie Skey,2004-10-24 02:24:31,F,,eskeyqh@skype.com,458-741-5276,
955,snesterovqi,2cJLtLeec4kJ,Steffane Nesterov,1958-11-23 06:47:57,F,,snesterovqi@newyorker.com,765-960-2642,
956,tgouthierqj,M788r37fL,Tibold Gouthier,2006-07-27 11:42:26,F,,tgouthierqj@nsw.gov.au,400-157-0001,
957,dallardyceqk,LADX6DXbryMT,Davy Allardyce,2004-04-27 21:45:25,M,,dallardyceqk@soup.io,998-526-7971,
958,lwinterborneql,VBGwWx0XA,Lian Winterborne,1973-09-21 03:42:37,M,,lwinterborneql@upenn.edu,156-252-8715,
959,fcarvillqm,ogTfciIqW1P,Farica Carvill,1964-09-01 02:09:54,M,,fcarvillqm@amazon.co.uk,305-319-4928,
960,emannakeeqn,1rof9tP4,Eamon Mannakee,1993-02-28 11:10:09,M,,emannakeeqn@baidu.com,303-598-5967,
961,jaxfordqo,MIEPo2A,Jared Axford,1979-10-24 09:26:11,M,,jaxfordqo@scientificamerican.com,524-208-4777,
962,tpulbrookqp,6matMh,Terrel Pulbrook,1997-12-06 23:22:15,F,,tpulbrookqp@spiegel.de,574-637-9743,
963,jwevellqq,nHrwCZ,Jodi Wevell,1963-02-01 10:23:28,F,,jwevellqq@google.it,315-898-2344,
964,ngurnettqr,tSN0edj,Ninon Gurnett,1958-05-07 09:12:53,F,,ngurnettqr@quantcast.com,228-132-0897,
965,oeouzanqs,3ZtQ6wsUu,Opaline Eouzan,1955-10-02 23:57:57,M,,oeouzanqs@statcounter.com,129-925-5602,
966,ethornqt,2qgL4EHEGhji,Eleni Thorn,1972-12-15 16:39:26,M,,ethornqt@moonfruit.com,691-978-0583,
967,kmourgequ,HdijFGz3,Kissie Mourge,1970-10-05 11:33:29,M,,kmourgequ@live.com,853-975-6214,
968,edugueqv,TsOEKnaadJ,Eugenia Dugue,1990-12-28 03:44:36,F,,edugueqv@imgur.com,192-884-0346,
969,tgravettqw,UR7OCVYdJ,Townsend Gravett,2005-10-30 16:54:59,F,,tgravettqw@indiegogo.com,427-933-4740,
970,hvenningqx,OFCEvqGi,Helaina Venning,1964-07-07 00:44:31,F,,hvenningqx@icq.com,554-400-4370,
971,econninghamqy,l2u2DMRjkh75,Estele Conningham,1988-01-25 17:59:25,F,,econninghamqy@constantcontact.com,458-937-8465,
972,smcpaikeqz,wJ7fNZ,Schuyler McPaike,1977-01-28 18:46:12,F,,smcpaikeqz@php.net,908-723-4926,
973,astarkr0,jruzxuW,Abner Stark,1968-12-01 05:20:16,M,,astarkr0@g.co,590-645-8913,
974,kspeaksr1,awURWYO,Kameko Speaks,1965-05-12 11:32:10,F,,kspeaksr1@mysql.com,766-285-5005,
975,melier2,PzA8IZ,May Elie,1997-10-25 19:25:36,F,,melier2@marriott.com,241-740-9870,
976,rnoodsr3,YpTcSb8ZKYRK,Rhonda Noods,1987-08-13 08:31:12,M,,rnoodsr3@elegantthemes.com,437-752-6525,
977,gpresdeer4,D7oUAOL,Genni Presdee,2001-09-02 17:26:06,M,,gpresdeer4@weibo.com,430-965-1224,
978,arubbertsr5,cVkuQemFhAeV,Abbot Rubberts,1958-04-22 18:09:05,F,,arubbertsr5@scribd.com,539-259-9552,
979,lleasorr6,dH6z0Ty,Lorie Leasor,1997-04-02 01:31:18,M,,lleasorr6@salon.com,836-329-7078,
980,nmcgeachyr7,Jrz3YM,Natividad McGeachy,1998-02-17 13:13:38,F,,nmcgeachyr7@infoseek.co.jp,810-889-6675,
981,mapfelr8,40y5lgPx,Magdaia Apfel,1985-01-09 19:50:21,M,,mapfelr8@studiopress.com,879-855-0693,
982,bdixceer9,ecb1NuNqWML,Betta Dixcee,1963-04-15 11:19:26,M,,bdixceer9@wordpress.com,127-955-1608,
983,amattiaccira,3NhNRXpqWdew,Aron Mattiacci,1957-12-10 22:31:50,F,,amattiaccira@clickbank.net,265-189-9742,
984,bbthamrb,VZfhAGoeP4,Bord Btham,1972-10-15 05:27:10,F,,bbthamrb@weibo.com,518-310-1330,
985,ktarquiniorc,XTARCBK6J,Karol Tarquinio,2009-11-26 14:10:34,M,,ktarquiniorc@pen.io,683-377-1962,
986,eausellord,4gTGhnJ5cl,Elbert Ausello,2009-04-14 05:55:22,F,,eausellord@squarespace.com,159-510-9577,
987,bberranere,B0AiygVtZZu0,Beaufort Berrane,2009-06-21 20:40:59,M,,bberranere@photobucket.com,418-425-2757,
988,efuzzeyrf,gJ1MKk,Errick Fuzzey,1997-12-12 15:15:12,M,,efuzzeyrf@sakura.ne.jp,626-569-1013,
989,wrissenrg,QAfGE6Oj,Wilek Rissen,1983-06-05 11:41:49,M,,wrissenrg@sfgate.com,580-963-5188,
990,fkensholerh,2UOFavs,Farrel Kenshole,1967-10-08 11:50:40,F,,fkensholerh@eventbrite.com,747-142-6137,
991,blightonri,Ocw4Wl5,Bradney Lighton,1961-08-12 17:03:44,F,,blightonri@jiathis.com,334-795-3474,
992,jpargeterrj,DI5aNMO9sBA,Jammal Pargeter,1981-11-23 11:36:39,M,,jpargeterrj@yelp.com,313-246-7169,
993,bmcgintyrk,UC1O3EvAJTN,Bonita McGinty,1959-12-11 02:48:46,M,,bmcgintyrk@dailymotion.com,549-738-4508,
994,rarnirl,jWs8oWprs,Ruben Arni,1960-11-12 23:52:24,F,,rarnirl@networkadvertising.org,978-266-6544,
995,khalgarthrm,9CSUJlWIdekL,Kalindi Halgarth,1958-03-08 03:52:13,M,,khalgarthrm@yellowbook.com,828-252-0569,
996,ichallenorrn,O1gtT8eCRl,Inessa Challenor,1959-03-20 18:34:37,F,,ichallenorrn@msn.com,610-750-2761,
997,tbuckneyro,UJitWn,Torry Buckney,1962-02-23 08:06:01,M,,tbuckneyro@oakley.com,815-107-6103,
998,rwillbrahamrp,RmrWv3ZITI,Robina Willbraham,2006-06-04 06:58:22,F,,rwillbrahamrp@google.nl,875-597-1914,
999,adenisyukrq,AtecV0eCN,Ailey Denisyuk,2008-05-26 02:32:40,F,,adenisyukrq@goo.ne.jp,810-279-4331,
1000,kwildborerr,REOz1iiGp,Kirby Wildbore,1958-12-12 22:33:35,F,,kwildborerr@seesaa.net,889-679-9215,
